nops,cycles
0,21
1,21
2,21
3,21
4,21
5,21
6,21
7,21
8,23
9,24
10,25
11,26
12,27
13,57
14,58
15,59
16,60
17,61
18,62
19,63
20,64
21,65
22,66
23,79
24,80
25,81
26,82
27,83
28,84
29,238
30,219
31,229
32,249
33,219
34,236
35,233
36,223
37,235
38,244
39,232
40,253
41,243
42,259
43,268
44,245
45,278
46,275
47,285
48,273
49,284
50,298
51,284
52,299
53,276
54,285
55,304
56,308
57,323
58,308
59,314
60,301
61,459
62,468
63,426
64,458
65,443
66,489
67,422
68,467
69,469
70,478
71,465
72,447
73,494
74,490
75,463
76,454
77,490
78,514
79,510
80,539
81,487
82,537
83,484
84,484
85,531
86,512
87,528
88,502
89,563
90,534
91,554
92,555
93,649
94,634
95,718
96,651
97,700
98,617
99,715
100,692
101,688
102,694
103,689
104,672
105,694
106,677
107,720
108,651
109,758
110,689
111,762
112,729
113,760
114,733
115,761
116,689
117,761
118,693
119,789
120,765
121,739
122,721
123,780
124,737
125,953
126,902
127,876
128,901
129,912
130,933
131,843
132,948
133,908
134,892
135,943
136,948
137,872
138,925
139,864
140,945
141,878
142,974
143,963
144,1005
145,986
146,944
147,950
148,913
149,968
150,962
151,1019
152,978
153,1009
154,972
155,956
156,1026
157,1113
158,1125
159,1124
160,1104
161,1166
162,1105
163,1122
164,1156
165,1082
166,1143
167,1095
168,1145
169,1156
170,1148
171,1155
172,1123
173,1127
174,1203
175,1154
176,1201
177,1189
178,1165
179,1225
180,1201
181,1178
182,1217
183,1164
184,1145
185,1252
186,1201
187,1220
188,1187
189,1320
190,1298
191,1376
192,1315
193,1304
194,1364
195,1316
196,1304
197,1367
198,1314
199,1324
200,1402
201,1360
202,1387
203,1398
204,1380
205,1385
206,1422
207,1437
208,1380
209,1369
210,1430
211,1335
212,1398
213,1474
214,1395
215,1378
216,1474
217,1451
218,1441
219,1394
220,1485
221,1542
222,1541
223,1604
224,1599
225,1519
226,1548
227,1601
228,1559
229,1569
230,1583
231,1626
232,1548
233,1591
234,1618
235,1607
236,1606
237,1621
238,1611
239,1580
240,1647
241,1633
242,1597
243,1609
244,1654
245,1699
246,1641
247,1636
248,1642
249,1715
250,1705
251,1639
252,1652
253,1804
254,1852
255,1827
256,1726
257,1729
258,1793
259,1808
260,1819
261,1792
262,1723
263,1809
264,1825
265,1834
266,1793
267,1755
268,1792
269,1858
270,1858
271,1913
272,1780
273,1794
274,1863
275,1865
276,1849
277,1906
278,1888
279,1952
280,1856
281,1857
282,1875
283,1832
284,1938
285,2063
286,2024
287,2001
288,1944
289,1948
290,2109
291,2027
292,2041
293,2020
294,1940
295,1968
296,1947
297,2026
298,2051
299,2047
300,2106
301,2126
302,2070
303,2055
304,2003
305,2023
306,2124
307,2092
308,2082
309,2095
310,2078
311,2067
312,2113
313,2150
314,2119
315,2128
316,2045
317,2176
318,2210
319,2246
320,2222
321,2265
322,2250
323,2275
324,2316
325,2290
326,2245
327,2259
328,2248
329,2188
330,2143
331,2178
332,2223
333,2312
334,2348
335,2341
336,2387
337,2337
338,2336
339,2371
340,2335
341,2288
342,2291
343,2365
344,2327
345,2273
346,2316
347,2326
348,2290
349,2434
350,2365
351,2348
352,2454
353,2436
354,2367
355,2417
356,2471
357,2468
358,2354
359,2377
360,2472
361,2492
362,2374
363,2382
364,2414
365,2453
366,2542
367,2553
368,2450
369,2447
370,2551
371,2562
372,2513
373,2539
374,2512
375,2539
376,2448
377,2425
378,2549
379,2529
380,2604
381,2701
382,2715
383,2750
384,2670
385,2667
386,2702
387,2717
388,2672
389,2608
390,2576
391,2686
392,2647
393,2643
394,2648
395,2707
396,2788
397,2760
398,2787
399,2811
400,2818
401,2711
402,2734
403,2730
404,2745
405,2734
406,2707
407,2691
408,2771
409,2780
410,2717
411,2755
412,2751
413,2859
414,2937
415,3020
416,3009
417,2923
418,2936
419,2899
420,2792
421,2864
422,2914
423,2949
424,3032
425,3010
426,2921
427,2881
428,2806
429,2872
430,2987
431,3040
432,3098
433,2981
434,2958
435,2898
436,2856
437,3010
438,2962
439,2941
440,2916
441,2979
442,3010
443,3040
444,3018
445,3141
446,3065
447,3082
448,3173
449,3131
450,3098
451,3116
452,3035
453,3023
454,3114
455,3158
456,3206
457,3180
458,3101
459,3115
460,3239
461,3210
462,3178
463,3057
464,3157
465,3161
466,3201
467,3142
468,3082
469,3232
470,3254
471,3288
472,3241
473,3213
474,3209
475,3314
476,3194
477,3213
478,3311
479,3364
480,3437
481,3364
482,3226
483,3295
484,3344
485,3341
486,3282
487,3354
488,3375
489,3417
490,3344
491,3351
492,3361
493,3393
494,3500
495,3433
496,3409
497,3358
498,3421
499,3453
500,3345
501,3315
502,3443
503,3450
504,3343
505,3491
506,3439
507,3401
508,3436
509,3550
510,3565
511,3434
512,3509
513,3579
514,3503
515,3512
516,3617
517,3609
518,3446
519,3593
520,3631
521,3447
522,3594
523,3639
524,3530
525,3582
526,3661
527,3543
528,3533
529,3767
530,3695
531,3635
532,3734
533,3672
534,3651
535,3741
536,3742
537,3687
538,3752
539,3706
540,3696
541,3767
542,3840
543,3837
544,3777
545,3863
546,3828
547,3759
548,3922
549,3810
550,3820
551,3932
552,3719
553,3805
554,3888
555,3786
556,3850
557,3859
558,3844
559,3958
560,3849
561,3918
562,3990
563,3855
564,3883
565,3831
566,3825
567,3891
568,3834
569,3958
570,3898
571,3948
572,3976
573,4005
574,4152
575,3963
576,3954
577,4033
578,3970
579,4104
580,4009
581,4094
582,4074
583,4023
584,4127
585,3876
586,4032
587,4003
588,3962
589,4061
590,4123
591,4020
592,4230
593,4031
594,4212
595,4141
596,4092
597,4099
598,4129
599,4164
600,4106
601,4109
602,4151
603,4110
604,4062
605,4267
606,4125
607,4358
608,4212
609,4234
610,4283
611,4285
612,4274
613,4234
614,4273
615,4171
616,4282
617,4229
618,4280
619,4220
620,4241
621,4291
622,4300
623,4351
624,4325
625,4312
626,4296
627,4229
628,4313
629,4295
630,4387
631,4369
632,4351
633,4257
634,4408
635,4238
636,4459
637,4443
638,4501
639,4439
640,4500
641,4397
642,4606
643,4422
644,4441
645,4397
646,4479
647,4481
648,4512
649,4481
650,4358
651,4583
652,4489
653,4444
654,4576
655,4467
656,4646
657,4533
658,4511
659,4446
660,4506
661,4488
662,4467
663,4628
664,4519
665,4595
666,4576
667,4502
668,4642
669,4683
670,4815
671,4736
672,4615
673,4721
674,4792
675,4664
676,4753
677,4605
678,4674
679,4798
680,4672
681,4710
682,4844
683,4591
684,4703
685,4788
686,4722
687,4820
688,4664
689,4718
690,4841
691,4839
692,4736
693,4825
694,4704
695,4808
696,4816
697,4759
698,4744
699,4837
700,4781
701,4909
702,4977
703,4911
704,4800
705,4905
706,4972
707,4863
708,4935
709,4904
710,4993
711,4944
712,4793
713,5013
714,4956
715,4887
716,4954
717,4973
718,5006
719,4979
720,4986
721,4878
722,4968
723,5038
724,4944
725,4969
726,5031
727,4998
728,4937
729,5086
730,5003
731,4964
732,5053
733,5132
734,5121
735,5117
736,5164
737,5150
738,5112
739,5026
740,5230
741,5080
742,5057
743,5186
744,5212
745,5136
746,5071
747,5317
748,5054
749,5215
750,5281
751,5164
752,5113
753,5237
754,5326
755,5089
756,5237
757,5186
758,5280
759,5234
760,5159
761,5221
762,5248
763,5200
764,5330
765,5386
766,5505
767,5216
768,5369
769,5369
770,5352
771,5384
772,5340
773,5295
774,5338
775,5338
776,5505
777,5293
778,5362
779,5349
780,5397
781,5501
782,5458
783,5424
784,5492
785,5444
786,5340
787,5488
788,5397
789,5469
790,5455
791,5366
792,5384
793,5456
794,5488
795,5449
796,5479
797,5568
798,5518
799,5621
800,5573
801,5529
802,5622
803,5605
804,5520
805,5557
806,5512
807,5566
808,5633
809,5674
810,5605
811,5554
812,5562
813,5531
814,5729
815,5622
816,5772
817,5682
818,5661
819,5712
820,5678
821,5710
822,5646
823,5674
824,5638
825,5621
826,5591
827,5651
828,5643
829,5798
830,5797
831,5777
832,5849
833,5767
834,5737
835,5782
836,5717
837,5861
838,5730
839,5922
840,5780
841,5922
842,5798
843,5766
844,5861
845,5868
846,5928
847,5889
848,5933
849,5883
850,5803
851,5920
852,5907
853,5925
854,5860
855,5910
856,5925
857,5944
858,5894
859,5851
860,5862
861,5974
862,5941
863,5974
864,6021
865,6022
866,5974
867,6011
868,6007
869,6014
870,6020
871,6005
872,6047
873,6010
874,6063
875,6015
876,5975
877,6098
878,6043
879,6065
880,6076
881,6064
882,6088
883,6128
884,6135
885,6103
886,6131
887,6164
888,6125
889,6107
890,6145
891,6124
892,6136
893,6175
894,6204
895,6229
896,6219
897,6194
898,6239
899,6275
900,6207
901,6265
902,6229
903,6268
904,6214
905,6322
906,6211
907,6169
908,6384
909,6255
910,6456
911,6245
912,6370
913,6308
914,6318
915,6296
916,6278
917,6355
918,6311
919,6347
920,6306
921,6337
922,6334
923,6309
924,6299
925,6471
926,6401
927,6417
928,6515
929,6480
930,6441
931,6573
932,6347
933,6571
934,6419
935,6495
936,6513
937,6496
938,6467
939,6460
940,6459
941,6551
942,6560
943,6541
944,6559
945,6544
946,6448
947,6594
948,6464
949,6627
950,6492
951,6578
952,6557
953,6576
954,6591
955,6573
956,6606
957,6707
958,6673
959,6694
960,6662
961,6692
962,6715
963,6684
964,6674
965,6707
966,6732
967,6734
968,6623
969,6794
970,6666
971,6675
972,6727
973,6755
974,6761
975,6762
976,6799
977,6735
978,6864
979,6711
980,6793
981,6772
982,6787
983,6750
984,6773
985,6815
986,6807
987,6698
988,6797
989,6969
990,6861
991,6893
992,6896
993,6915
994,6905
995,6901
996,6857
997,6993
998,6860
999,6945
1000,6931
1001,6942
1002,6910
1003,6949
1004,6978
1005,6882
1006,7054
1007,6991
1008,6988
1009,6986
1010,6989
1011,6992
1012,7046
1013,6888
1014,7004
1015,7016
1016,6990
1017,7008
1018,6975
1019,7044
1020,7024
1021,7130
1022,7128
1023,7120
1024,7115
1025,7248
1026,7028
1027,7130
1028,7124
1029,7136
1030,7136
1031,7144
1032,7250
1033,7048
1034,7158
1035,7167
1036,7153
1037,7189
1038,7270
1039,7092
1040,7199
1041,7215
1042,7211
1043,7224
1044,7211
1045,7165
1046,7260
1047,7251
1048,7223
1049,7214
1050,7156
1051,7271
1052,7227
1053,7356
1054,7325
1055,7337
1056,7280
1057,7435
1058,7361
1059,7366
1060,7378
1061,7333
1062,7447
1063,7346
1064,7398
1065,7369
1066,7374
1067,7286
1068,7413
1069,7392
1070,7419
1071,7424
1072,7409
1073,7517
1074,7445
1075,7437
1076,7434
1077,7432
1078,7441
1079,7491
1080,7442
1081,7419
1082,7460
1083,7341
1084,7457
1085,7588
1086,7588
1087,7597
1088,7494
1089,7582
1090,7533
1091,7590
1092,7488
1093,7717
1094,7588
1095,7609
1096,7608
1097,7507
1098,7665
1099,7580
1100,7633
1101,7625
1102,7765
1103,7601
1104,7662
1105,7659
1106,7732
1107,7593
1108,7635
1109,7693
1110,7599
1111,7878
1112,7650
1113,7656
1114,7713
1115,7631
1116,7667
1117,7811
1118,7820
1119,7754
1120,7831
1121,7823
1122,7746
1123,7862
1124,7792
1125,7808
1126,7782
1127,7913
1128,7825
1129,7799
1130,7808
1131,7926
1132,7788
1133,7899
1134,7866
1135,7820
1136,7858
1137,7861
1138,7910
1139,7942
1140,7912
1141,7843
1142,7906
1143,7930
1144,7900
1145,7844
1146,8001
1147,7836
1148,7921
1149,8035
1150,8131
1151,7992
1152,8046
1153,8031
1154,7894
1155,8063
1156,7998
1157,8074
1158,7931
1159,8063
1160,8073
1161,7981
1162,8003
1163,8028
1164,8018
1165,8174
1166,8067
1167,8154
1168,8049
1169,8147
1170,8090
1171,8108
1172,8244
1173,8024
1174,8060
1175,8021
1176,8172
1177,8179
1178,8072
1179,8205
1180,8072
1181,8240
1182,8186
1183,8272
1184,8241
1185,8158
1186,8286
1187,8196
1188,8283
1189,8301
1190,8218
1191,8260
1192,8327
1193,8277
1194,8207
1195,8199
1196,8291
1197,8270
1198,8271
1199,8321
1200,8301
1201,8369
1202,8287
1203,8332
1204,8347
1205,8328
1206,8388
1207,8362
1208,8366
1209,8334
1210,8295
1211,8279
1212,8305
1213,8486
1214,8548
1215,8425
1216,8472
1217,8553
1218,8482
1219,8513
1220,8422
1221,8441
1222,8446
1223,8518
1224,8443
1225,8549
1226,8485
1227,8460
1228,8563
1229,8561
1230,8522
1231,8435
1232,8555
1233,8543
1234,8414
1235,8501
1236,8542
1237,8562
1238,8522
1239,8562
1240,8634
1241,8631
1242,8448
1243,8592
1244,8641
1245,8636
1246,8692
1247,8738
1248,8780
1249,8638
1250,8661
1251,8746
1252,8678
1253,8686
1254,8654
1255,8725
1256,8849
1257,8661
1258,8696
1259,8762
1260,8712
1261,8720
1262,8782
1263,8735
1264,8768
1265,8763
1266,8779
1267,8785
1268,8796
1269,8733
1270,8719
1271,8737
1272,8901
1273,8816
1274,8677
1275,8818
1276,8814
1277,9012
1278,8851
1279,8786
1280,8979
1281,8987
1282,8881
1283,9001
1284,8984
1285,8848
1286,8839
1287,8930
1288,8993
1289,8985
1290,8901
1291,8875
1292,8952
1293,9054
1294,9043
1295,8928
1296,8946
1297,9036
1298,9034
1299,9063
1300,9014
1301,8942
1302,9011
1303,9001
1304,8839
1305,8991
1306,8993
1307,8959
1308,9026
1309,9268
1310,9095
1311,9159
1312,9090
1313,9107
1314,9218
1315,9198
1316,9130
1317,9131
1318,9147
1319,9252
1320,9257
1321,9155
1322,9137
1323,9080
1324,9135
1325,9349
1326,9207
1327,9097
1328,9205
1329,9260
1330,9209
1331,9223
1332,9280
1333,9253
1334,9258
1335,9185
1336,9132
1337,9218
1338,9234
1339,9292
1340,9331
1341,9323
1342,9379
1343,9395
1344,9384
1345,9373
1346,9261
1347,9291
1348,9381
1349,9422
1350,9359
1351,9286
1352,9352
1353,9376
1354,9302
1355,9358
1356,9336
1357,9464
1358,9525
1359,9488
1360,9592
1361,9498
1362,9374
1363,9470
1364,9454
1365,9405
1366,9461
1367,9362
1368,9376
1369,9402
1370,9555
1371,9464
1372,9461
1373,9611
1374,9631
1375,9526
1376,9644
1377,9572
1378,9565
1379,9625
1380,9607
1381,9517
1382,9565
1383,9522
1384,9496
1385,9601
1386,9579
1387,9631
1388,9631
1389,9625
1390,9607
1391,9658
1392,9720
1393,9651
1394,9598
1395,9724
1396,9721
1397,9710
1398,9724
1399,9667
1400,9678
1401,9732
1402,9772
1403,9789
1404,9702
1405,9778
1406,9836
1407,9871
1408,9854
1409,9914
1410,9842
1411,9761
1412,9800
1413,9876
1414,9817
1415,9788
1416,9886
1417,9950
1418,9837
1419,9893
1420,9802
1421,9788
1422,9792
1423,9790
1424,9774
1425,9838
1426,9893
1427,9854
1428,9854
1429,9918
1430,9885
1431,9921
1432,9963
1433,10021
1434,9898
1435,9922
1436,9942
1437,10142
1438,10024
1439,10096
1440,9987
1441,9874
1442,9922
1443,10042
1444,9914
1445,9975
1446,10114
1447,10176
1448,10040
1449,10191
1450,10018
1451,9925
1452,9909
1453,10088
1454,10158
1455,10055
1456,9943
1457,10026
1458,10132
1459,10095
1460,10203
1461,10174
1462,10018
1463,10033
1464,10072
1465,10114
1466,10144
1467,10286
1468,10196
1469,10239
1470,10294
1471,10254
1472,10249
1473,10285
1474,10374
1475,10343
1476,10264
1477,10228
1478,10194
1479,10281
1480,10205
1481,10327
1482,10403
1483,10282
1484,10230
1485,10351
1486,10383
1487,10322
1488,10258
1489,10253
1490,10208
1491,10305
1492,10430
1493,10396
1494,10383
1495,10373
1496,10335
1497,10291
1498,10372
1499,10469
1500,10445
1501,10426
1502,10430
1503,10489
1504,10521
1505,10435
1506,10362
1507,10532
1508,10588
1509,10463
1510,10452
1511,10540
1512,10508
1513,10427
1514,10544
1515,10562
1516,10446
1517,10546
1518,10578
1519,10599
1520,10445
1521,10478
1522,10597
1523,10608
1524,10521
1525,10463
1526,10589
1527,10722
1528,10581
1529,10544
1530,10590
1531,10753
1532,10535
1533,10761
1534,10603
1535,10697
1536,10823
1537,10706
1538,10607
1539,10775
1540,10676
1541,10605
1542,10650
1543,10748
1544,10643
1545,10633
1546,10860
1547,10805
1548,10647
1549,10841
1550,10826
1551,10738
1552,10785
1553,10669
1554,10793
1555,10803
1556,10819
1557,10910
1558,10874
1559,10776
1560,10923
1561,10768
1562,10766
1563,10912
1564,10843
1565,10838
1566,10912
1567,10960
1568,10793
1569,10921
1570,10827
1571,10870
1572,10905
1573,11005
1574,10961
1575,10852
1576,11007
1577,10907
1578,10851
1579,10903
1580,10835
1581,11013
1582,10963
1583,10890
1584,11117
1585,11045
1586,10947
1587,11035
1588,10966
1589,11106
1590,11007
1591,10946
1592,10947
1593,11044
1594,10994
1595,11024
1596,10998
1597,11094
1598,11251
1599,11166
1600,11072
1601,11111
1602,11150
1603,11136
1604,11196
1605,11092
1606,11120
1607,11241
1608,11135
1609,11162
1610,11195
1611,11074
1612,11136
1613,11204
1614,11165
1615,11136
1616,11142
1617,11308
1618,11180
1619,11166
1620,11196
1621,11292
1622,11260
1623,11199
1624,11289
1625,11286
1626,11309
1627,11229
1628,11158
1629,11343
1630,11271
1631,11350
1632,11198
1633,11393
1634,11257
1635,11391
1636,11398
1637,11334
1638,11280
1639,11385
1640,11330
1641,11362
1642,11370
1643,11322
1644,11372
1645,11535
1646,11512
1647,11501
1648,11430
1649,11393
1650,11469
1651,11444
1652,11495
1653,11347
1654,11474
1655,11498
1656,11561
1657,11346
1658,11487
1659,11483
1660,11574
1661,11540
1662,11552
1663,11520
1664,11518
1665,11560
1666,11701
1667,11611
1668,11559
1669,11477
1670,11695
1671,11602
1672,11730
1673,11588
1674,11486
1675,11608
1676,11505
1677,11651
1678,11549
1679,11583
1680,11603
1681,11595
1682,11699
1683,11785
1684,11615
1685,11781
1686,11659
1687,11744
1688,11778
1689,11669
1690,11762
1691,11665
1692,11782
1693,11883
1694,11828
1695,11795
1696,11788
1697,11827
1698,11888
1699,11937
1700,11839
1701,11803
1702,11786
1703,11723
1704,11929
1705,11870
1706,11863
1707,11820
1708,11805
1709,11803
1710,11848
1711,11778
1712,11948
1713,11882
1714,11796
1715,11889
1716,11799
1717,11797
1718,11800
1719,12006
1720,11919
1721,11882
1722,11896
1723,11845
1724,11851
1725,12136
1726,11920
1727,11985
1728,11985
1729,11905
1730,11974
1731,12007
1732,11885
1733,11941
1734,11939
1735,12033
1736,12095
1737,12041
1738,12138
1739,12032
1740,11993
1741,12023
1742,12121
1743,12125
1744,12227
1745,12180
1746,12121
1747,12092
1748,12149
1749,12088
1750,12161
1751,12233
1752,12189
1753,12229
1754,12150
1755,12124
1756,12185
1757,12366
1758,12231
1759,12226
1760,12225
1761,12159
1762,12133
1763,12308
1764,12278
1765,12160
1766,12157
1767,12299
1768,12077
1769,12250
1770,12313
1771,12255
1772,12308
1773,12293
1774,12317
1775,12277
1776,12235
1777,12423
1778,12418
1779,12339
1780,12362
1781,12316
1782,12204
1783,12279
1784,12311
1785,12331
1786,12443
1787,12451
1788,12449
1789,12468
1790,12360
1791,12349
1792,12449
1793,12477
1794,12440
1795,12403
1796,12438
1797,12514
1798,12543
1799,12561
1800,12503
1801,12600
1802,12526
1803,12447
1804,12474
1805,12600
1806,12594
1807,12650
1808,12554
1809,12645
1810,12530
1811,12583
1812,12654
1813,12688
1814,12604
1815,12565
1816,12522
1817,12498
1818,12667
1819,12459
1820,12487
1821,12624
1822,12708
1823,12650
1824,12675
1825,12573
1826,12648
1827,12689
1828,12700
1829,12776
1830,12786
1831,12674
1832,12623
1833,12601
1834,12617
1835,12739
1836,12704
1837,12751
1838,12805
1839,12706
1840,12668
1841,12730
1842,12756
1843,12759
1844,12774
1845,12828
1846,12855
1847,12798
1848,12781
1849,12785
1850,12756
1851,12846
1852,12759
1853,12919
1854,12894
1855,13022
1856,12988
1857,13040
1858,12968
1859,12927
1860,12819
1861,12873
1862,12847
1863,12905
1864,12988
1865,12984
1866,12991
1867,12898
1868,12860
1869,12917
1870,12869
1871,12923
1872,13024
1873,13098
1874,13069
1875,13122
1876,13061
1877,13046
1878,13110
1879,13101
1880,12991
1881,12995
1882,12987
1883,12971
1884,12917
1885,13048
1886,13043
1887,13045
1888,13216
1889,13215
1890,13241
1891,13254
1892,13103
1893,13107
1894,13090
1895,13112
1896,13282
1897,13285
1898,13250
1899,13253
1900,13221
1901,13269
1902,13277
1903,13258
1904,13097
1905,13095
1906,13135
1907,13120
1908,13278
1909,13280
1910,13214
1911,13233
1912,13201
1913,13189
1914,13213
1915,13164
1916,13212
1917,13299
1918,13359
1919,13413
1920,13435
1921,13454
1922,13453
1923,13383
1924,13287
1925,13304
1926,13253
1927,13387
1928,13431
1929,13442
1930,13455
1931,13447
1932,13472
1933,13435
1934,13481
1935,13427
1936,13403
1937,13324
1938,13352
1939,13413
1940,13489
1941,13495
1942,13536
1943,13454
1944,13400
1945,13385
1946,13352
1947,13406
1948,13445
1949,13580
1950,13567
1951,13572
1952,13605
1953,13599
1954,13670
1955,13476
1956,13529
1957,13550
1958,13551
1959,13632
1960,13596
1961,13554
1962,13518
1963,13554
1964,13564
1965,13589
1966,13652
1967,13671
1968,13733
1969,13703
1970,13681
1971,13696
1972,13769
1973,13764
1974,13603
1975,13606
1976,13640
1977,13680
1978,13700
1979,13593
1980,13579
1981,13746
1982,13825
1983,13867
1984,13761
1985,13797
1986,13917
1987,13935
1988,13831
1989,13795
1990,13818
1991,13760
1992,13715
1993,13591
1994,13834
1995,13863
1996,13873
1997,13829
1998,13769
1999,13839
2000,13851
2001,13934
2002,13977
2003,13972
2004,13902
2005,13890
2006,13869
2007,13824
2008,13666
2009,13875
2010,13906
2011,13972
2012,13854
2013,13981
2014,13958
2015,14004
2016,14083
2017,14149
2018,14065
2019,14016
2020,14053
2021,14105
2022,14103
2023,14172
2024,14072
2025,14152
2026,14119
2027,14035
2028,14072
2029,14201
2030,14196
2031,14068
2032,14039
2033,14023
2034,14076
2035,14164
2036,14198
2037,14162
2038,14111
2039,14113
2040,14040
2041,14130
2042,14119
2043,14192
2044,14227
2045,14253
2046,14323
2047,14338
2048,14315
2049,14260
2050,14185
2051,14170
2052,14246
2053,14346
2054,14367
2055,14347
2056,14321
2057,14226
2058,14228
2059,14256
2060,14263
2061,14398
2062,14403
2063,14319
2064,14249
2065,14224
2066,14286
2067,14491
2068,14399
2069,14367
2070,14352
2071,14364
2072,14321
2073,14422
2074,14419
2075,14398
2076,14303
2077,14388
2078,14430
2079,14457
2080,14383
2081,14483
2082,14285
2083,14460
2084,14482
2085,14574
2086,14443
2087,14472
2088,14423
2089,14489
2090,14618
2091,14584
2092,14512
2093,14436
2094,14564
2095,14568
2096,14743
2097,14548
2098,14648
2099,14624
2100,14593
2101,14664
2102,14589
2103,14681
2104,14497
2105,14617
2106,14642
2107,14622
2108,14516
2109,14664
2110,14748
2111,14789
2112,14722
2113,14789
2114,14724
2115,14730
2116,14750
2117,14753
2118,14704
2119,14827
2120,14706
2121,14806
2122,14652
2123,14758
2124,14814
2125,14747
2126,14855
2127,14756
2128,14708
2129,14824
2130,14856
2131,14835
2132,14750
2133,14852
2134,14846
2135,14929
2136,14804
2137,14902
2138,14835
2139,14860
2140,14792
2141,14806
2142,14910
2143,14967
2144,14925
2145,14879
2146,14879
2147,14869
2148,14879
2149,14896
2150,14862
2151,14901
2152,14851
2153,14912
2154,14927
2155,14949
2156,14999
2157,15039
2158,14954
2159,15068
2160,15087
2161,14950
2162,14980
2163,15036
2164,14983
2165,14949
2166,14992
2167,15083
2168,15020
2169,15129
2170,15020
2171,15080
2172,15053
2173,15181
2174,15166
2175,15101
2176,15116
2177,15090
2178,15095
2179,15047
2180,15161
2181,15024
2182,15145
2183,15240
2184,15176
2185,15203
2186,15207
2187,15219
2188,15261
2189,15186
2190,15373
2191,15257
2192,15255
2193,15294
2194,15270
2195,15271
2196,15153
2197,15134
2198,15254
2199,15158
2200,15195
2201,15221
2202,15145
2203,15285
2204,15330
2205,15468
2206,15386
2207,15434
2208,15417
2209,15392
2210,15250
2211,15368
2212,15281
2213,15332
2214,15323
2215,15277
2216,15425
2217,15353
2218,15324
2219,15454
2220,15305
2221,15384
2222,15433
2223,15386
2224,15474
2225,15506
2226,15343
2227,15465
2228,15500
2229,15366
2230,15446
2231,15384
2232,15415
2233,15494
2234,15382
2235,15374
2236,15510
2237,15658
2238,15649
2239,15540
2240,15611
2241,15596
2242,15615
2243,15579
2244,15608
2245,15621
2246,15568
2247,15642
2248,15636
2249,15568
2250,15459
2251,15647
2252,15635
2253,15777
2254,15724
2255,15672
2256,15705
2257,15654
2258,15567
2259,15600
2260,15717
2261,15619
2262,15557
2263,15825
2264,15729
2265,15801
2266,15627
2267,15700
2268,15756
2269,15784
2270,15695
2271,15759
2272,15822
2273,15777
2274,15739
2275,15864
2276,15757
2277,16052
2278,15907
2279,15851
2280,15751
2281,15884
2282,15850
2283,15747
2284,15816
2285,15932
2286,16010
2287,15859
2288,15893
2289,15987
2290,15892
2291,15862
2292,15957
2293,15945
2294,15876
2295,16002
2296,16016
2297,15965
2298,15881
2299,15983
2300,15892
2301,16078
2302,15989
2303,15903
2304,15847
2305,16028
2306,16074
2307,16134
2308,16158
2309,16074
2310,15970
2311,16176
2312,16074
2313,15944
2314,16048
2315,16093
2316,16043
2317,16178
2318,16215
2319,16142
2320,16101
2321,16216
2322,16217
2323,16047
2324,16170
2325,16192
2326,16019
2327,16059
2328,16107
2329,16171
2330,16167
2331,16192
2332,16199
2333,16274
2334,16415
2335,16139
2336,16163
2337,16323
2338,16334
2339,16232
2340,16213
2341,16319
2342,16256
2343,16225
2344,16250
2345,16274
2346,16336
2347,16310
2348,16420
2349,16290
2350,16343
2351,16248
2352,16284
2353,16288
2354,16346
2355,16358
2356,16480
2357,16341
2358,16246
2359,16323
2360,16302
2361,16390
2362,16401
2363,16414
2364,16455
2365,16545
2366,16435
2367,16448
2368,16405
2369,16386
2370,16575
2371,16507
2372,16400
2373,16485
2374,16394
2375,16404
2376,16458
2377,16495
2378,16522
2379,16571
2380,16480
2381,16628
2382,16709
2383,16430
2384,16478
2385,16620
2386,16544
2387,16731
2388,16717
2389,16591
2390,16548
2391,16696
2392,16558
2393,16644
2394,16649
2395,16560
2396,16562
2397,16806
2398,16692
2399,16772
2400,16807
2401,16756
2402,16820
2403,16710
2404,16706
2405,16742
2406,16777
2407,16837
2408,16712
2409,16613
2410,16617
2411,16657
2412,16661
2413,16785
2414,16687
2415,16687
2416,16775
2417,16728
2418,16779
2419,16754
2420,16782
2421,16820
2422,16907
2423,16944
2424,16907
2425,16869
2426,16784
2427,16926
2428,16779
2429,16869
2430,16846
2431,16837
2432,16935
2433,16899
2434,16923
2435,16924
2436,17012
2437,16974
2438,17049
2439,16950
2440,16946
2441,17066
2442,16928
2443,17042
2444,17008
2445,16845
2446,16993
2447,17123
2448,17131
2449,17066
2450,17029
2451,16969
2452,17040
2453,17008
2454,17029
2455,16944
2456,17129
2457,17103
2458,16920
2459,16919
2460,17015
2461,17131
2462,17162
2463,17162
2464,17163
2465,17149
2466,17203
2467,17195
2468,17235
2469,17167
2470,17022
2471,17201
2472,17210
2473,17119
2474,17223
2475,17095
2476,17161
2477,17275
2478,17267
2479,17322
2480,17192
2481,17194
2482,17128
2483,17200
2484,17231
2485,17243
2486,17243
2487,17228
2488,17279
2489,17343
2490,17311
2491,17165
2492,17124
2493,17290
2494,17391
2495,17362
2496,17249
2497,17377
2498,17426
2499,17442
2500,17378
2501,17348
2502,17322
2503,17378
2504,17430
2505,17312
2506,17340
2507,17359
2508,17312
2509,17435
2510,17398
2511,17488
2512,17606
2513,17469
2514,17383
2515,17450
2516,17483
2517,17527
2518,17455
2519,17316
2520,17593
2521,17554
2522,17504
2523,17369
2524,17489
2525,17715
2526,17576
2527,17625
2528,17589
2529,17719
2530,17550
2531,17692
2532,17705
2533,17535
2534,17537
2535,17629
2536,17776
2537,17705
2538,17674
2539,17659
2540,17587
2541,17609
2542,17594
2543,17736
2544,17535
2545,17611
2546,17776
2547,17637
2548,17717
2549,17700
2550,17743
2551,17595
2552,17766
2553,17725
2554,17742
2555,17611
2556,17585
2557,17844
2558,17854
2559,17910
2560,17671
2561,17848
2562,17885
2563,17750
2564,17795
2565,17864
2566,17814
2567,17834
2568,17725
2569,17856
2570,17977
2571,17818
2572,17821
2573,17923
2574,17811
2575,17847
2576,18033
2577,17916
2578,17878
2579,17954
2580,17928
2581,18019
2582,17784
2583,17852
2584,17990
2585,17920
2586,18007
2587,17782
2588,17964
2589,18016
2590,17966
2591,18130
2592,18006
2593,18169
2594,18009
2595,18161
2596,17984
2597,17898
2598,18036
2599,18088
2600,18077
2601,18182
2602,17952
2603,17989
2604,18108
2605,18146
2606,17986
2607,18105
2608,18234
2609,18193
2610,18121
2611,18062
2612,18140
2613,17996
2614,18258
2615,18121
2616,18173
2617,18143
2618,18258
2619,18023
2620,18149
2621,18187
2622,18261
2623,18329
2624,18235
2625,18290
2626,18216
2627,18304
2628,18156
2629,18307
2630,18128
2631,18471
2632,18257
2633,18250
2634,18322
2635,18301
2636,18411
2637,18222
2638,18254
2639,18411
2640,18258
2641,18338
2642,18356
2643,18407
2644,18389
2645,18230
2646,18354
2647,18307
2648,18483
2649,18284
2650,18423
2651,18486
2652,18320
2653,18430
2654,18447
2655,18510
2656,18432
2657,18539
2658,18544
2659,18508
2660,18478
2661,18587
2662,18448
2663,18511
2664,18509
2665,18535
2666,18504
2667,18521
2668,18410
2669,18652
2670,18604
2671,18601
2672,18524
2673,18575
2674,18580
2675,18527
2676,18549
2677,18574
2678,18608
2679,18496
2680,18691
2681,18596
2682,18673
2683,18496
2684,18709
2685,18740
2686,18594
2687,18763
2688,18740
2689,18677
2690,18635
2691,18700
2692,18776
2693,18728
2694,18740
2695,18613
2696,18721
2697,18731
2698,18742
2699,18783
2700,18831
2701,18723
2702,18876
2703,18688
2704,18777
2705,18695
2706,18848
2707,18652
2708,18851
2709,18759
2710,18800
2711,18725
2712,18962
2713,18869
2714,18758
2715,18846
2716,18735
2717,19065
2718,18851
2719,18961
2720,18982
2721,18918
2722,18789
2723,19009
2724,18828
2725,18972
2726,18987
2727,18950
2728,18903
2729,18972
2730,18963
2731,18857
2732,19011
2733,19097
2734,18955
2735,18966
2736,18914
2737,19020
2738,19089
2739,18960
2740,19104
2741,18876
2742,19022
2743,19053
2744,19077
2745,19087
2746,19047
2747,19125
2748,18940
2749,19157
2750,19206
2751,19142
2752,19094
2753,19181
2754,19160
2755,19072
2756,19170
2757,19306
2758,19214
2759,19042
2760,19290
2761,19211
2762,19095
2763,19277
2764,19148
2765,19215
2766,19243
2767,19192
2768,19259
2769,19321
2770,19248
2771,19177
2772,19182
2773,19404
2774,19133
2775,19382
2776,19238
2777,19196
2778,19273
2779,19218
2780,19295
2781,19324
2782,19466
2783,19375
2784,19404
2785,19406
2786,19450
2787,19339
2788,19376
2789,19317
2790,19347
2791,19465
2792,19430
2793,19319
2794,19313
2795,19487
2796,19404
2797,19547
2798,19464
2799,19404
2800,19421
2801,19522
2802,19475
2803,19377
2804,19485
2805,19569
2806,19468
2807,19506
2808,19513
2809,19483
2810,19547
2811,19484
2812,19481
2813,19552
2814,19477
2815,19641
2816,19620
2817,19641
2818,19464
2819,19755
2820,19494
2821,19595
2822,19683
2823,19625
2824,19554
2825,19550
2826,19610
2827,19677
2828,19603
2829,19829
2830,19637
2831,19813
2832,19692
2833,19688
2834,19663
2835,19665
2836,19603
2837,19707
2838,19715
2839,19763
2840,19688
2841,19732
2842,19703
2843,19715
2844,19783
2845,19708
2846,19759
2847,19824
2848,19836
2849,19833
2850,19809
2851,19728
2852,19821
2853,19900
2854,19822
2855,19721
2856,19912
2857,19876
2858,19774
2859,19771
2860,19939
2861,19856
2862,19905
2863,19837
2864,19896
2865,19964
2866,19915
2867,19860
2868,19898
2869,19932
2870,19782
2871,19891
2872,19938
2873,19902
2874,19890
2875,19862
2876,19885
2877,20076
2878,19986
2879,20071
2880,19973
2881,20023
2882,20029
2883,20225
2884,20024
2885,20002
2886,19947
2887,20024
2888,20053
2889,20064
2890,20063
2891,20141
2892,20088
2893,20080
2894,20087
2895,20061
2896,20192
2897,20179
2898,20013
2899,20218
2900,20171
2901,20083
2902,20134
2903,20153
2904,20096
2905,20253
2906,20116
2907,20226
2908,20242
2909,20218
2910,20273
2911,20390
2912,20217
2913,20156
2914,20321
2915,20139
2916,20384
2917,20223
2918,20270
2919,20398
2920,20227
2921,20386
2922,20326
2923,20265
2924,20288
2925,20326
2926,20367
2927,20316
2928,20368
2929,20344
2930,20300
2931,20342
2932,20363
2933,20373
2934,20327
2935,20408
2936,20368
2937,20408
2938,20388
2939,20395
2940,20400
2941,20484
2942,20530
2943,20491
2944,20481
2945,20447
2946,20478
2947,20495
2948,20476
2949,20571
2950,20488
2951,20511
2952,20578
2953,20524
2954,20503
2955,20551
2956,20471
2957,20715
2958,20549
2959,20615
2960,20605
2961,20541
2962,20558
2963,20541
2964,20588
2965,20540
2966,20581
2967,20639
2968,20598
2969,20624
2970,20578
2971,20651
2972,20601
2973,20723
2974,20700
2975,20641
2976,20649
2977,20730
2978,20576
2979,20839
2980,20607
2981,20660
2982,20745
2983,20686
2984,20753
2985,20808
2986,20678
2987,20705
2988,20728
2989,20798
2990,20811
2991,20824
2992,20784
2993,20745
2994,20709
2995,20889
2996,20708
2997,20792
2998,20820
2999,20795
3000,20878
3001,20840
3002,20800
3003,20806
3004,20841
3005,20892
3006,20965
3007,21054
3008,20883
3009,20916
3010,20935
3011,20980
3012,20956
3013,20941
3014,21022
3015,20928
3016,20948
3017,20963
3018,20885
3019,21021
3020,20898
3021,21022
3022,21005
3023,20989
3024,21030
3025,21019
3026,20991
3027,20894
3028,20997
3029,21030
3030,21062
3031,21036
3032,21045
3033,21099
3034,21069
3035,21039
3036,21073
3037,21035
3038,21158
3039,21174
3040,21204
3041,21069
3042,21207
3043,21144
3044,21144
3045,21147
3046,21236
3047,21101
3048,21191
3049,21210
3050,21237
3051,21185
3052,21218
3053,21233
3054,21161
3055,21239
3056,21282
3057,21208
3058,21220
3059,21260
3060,21191
3061,21271
3062,21354
3063,21365
3064,21228
3065,21233
3066,21330
3067,21233
3068,21233
3069,21385
3070,21268
3071,21371
3072,21369
3073,21407
3074,21262
3075,21379
3076,21372
3077,21362
3078,21375
3079,21417
3080,21588
3081,21323
3082,21387
3083,21383
3084,21386
3085,21433
3086,21542
3087,21371
3088,21462
3089,21468
3090,21309
3091,21473
3092,21531
3093,21572
3094,21464
3095,21531
3096,21475
3097,21482
3098,21552
3099,21454
3100,21550
3101,21624
3102,21613
3103,21588
3104,21650
3105,21623
3106,21515
3107,21665
3108,21631
3109,21571
3110,21697
3111,21681
3112,21552
3113,21560
3114,21619
3115,21554
3116,21649
3117,21628
3118,21628
3119,21694
3120,21558
3121,21739
3122,21765
3123,21775
3124,21701
3125,21730
3126,21632
3127,21727
3128,21713
3129,21720
3130,21657
3131,21828
3132,21654
3133,21835
3134,21794
3135,21794
3136,21918
3137,21808
3138,21844
3139,21841
3140,21864
3141,21774
3142,21835
3143,21802
3144,21862
3145,21787
3146,21807
3147,21898
3148,21807
3149,21873
3150,21934
3151,21899
3152,21881
3153,21960
3154,21901
3155,21912
3156,21862
3157,21790
3158,21971
3159,21746
3160,21957
3161,22024
3162,21977
3163,21963
3164,21998
3165,21954
3166,22048
3167,22087
3168,22034
3169,21972
3170,22137
3171,21977
3172,22072
3173,21965
3174,22026
3175,22045
3176,22043
3177,22105
3178,22052
3179,22099
3180,22049
3181,22163
3182,22093
3183,22118
3184,22162
3185,22093
3186,22073
3187,22142
3188,22053
3189,22186
3190,22229
3191,22199
3192,22169
3193,22145
3194,22070
3195,22164
3196,22221
3197,22249
3198,22294
3199,22257
3200,22257
3201,22351
3202,22195
3203,22321
3204,22149
3205,22298
3206,22283
3207,22355
3208,22281
3209,22238
3210,22290
3211,22424
3212,22268
3213,22403
3214,22269
3215,22425
3216,22318
3217,22366
3218,22274
3219,22383
3220,22299
3221,22443
3222,22318
3223,22388
3224,22454
3225,22270
3226,22409
3227,22291
3228,22315
3229,22540
3230,22538
3231,22527
3232,22474
3233,22478
3234,22571
3235,22453
3236,22452
3237,22539
3238,22493
3239,22550
3240,22535
3241,22581
3242,22521
3243,22487
3244,22507
3245,22529
3246,22587
3247,22493
3248,22611
3249,22544
3250,22671
3251,22563
3252,22537
3253,22568
3254,22621
3255,22562
3256,22643
3257,22609
3258,22693
3259,22533
3260,22654
3261,22724
3262,22649
3263,22703
3264,22632
3265,22740
3266,22595
3267,22713
3268,22763
3269,22779
3270,22646
3271,22760
3272,22681
3273,22776
3274,22738
3275,22842
3276,22725
3277,22826
3278,22793
3279,22835
3280,22729
3281,22832
3282,22822
3283,22799
3284,22694
3285,22897
3286,22848
3287,22872
3288,22791
3289,22853
3290,22743
3291,22822
3292,22825
3293,22992
3294,22985
3295,22961
3296,22959
3297,22924
3298,23031
3299,22890
3300,22971
3301,22949
3302,22899
3303,22708
3304,22911
3305,23003
3306,23037
3307,22997
3308,22956
3309,23108
3310,23163
3311,22906
3312,22966
3313,23041
3314,22874
3315,23152
3316,23033
3317,22945
3318,23082
3319,23030
3320,23086
3321,23062
3322,23003
3323,23072
3324,22903
3325,23251
3326,23171
3327,23107
3328,23056
3329,23108
3330,23095
3331,23120
3332,23198
3333,23115
3334,23149
3335,23075
3336,23208
3337,23211
3338,23112
3339,23235
3340,23280
3341,23212
3342,23307
3343,23236
3344,23312
3345,23221
3346,23214
3347,23250
3348,23365
3349,23274
3350,23230
3351,23300
3352,23424
3353,23269
3354,23336
3355,23225
3356,23267
3357,23298
3358,23376
3359,23442
3360,23385
3361,23402
3362,23441
3363,23541
3364,23342
3365,23395
3366,23326
3367,23332
3368,23461
3369,23367
3370,23340
3371,23262
3372,23414
3373,23400
3374,23421
3375,23525
3376,23449
3377,23413
3378,23407
3379,23459
3380,23477
3381,23458
3382,23536
3383,23407
3384,23527
3385,23375
3386,23512
3387,23498
3388,23434
3389,23564
3390,23503
3391,23598
3392,23612
3393,23652
3394,23625
3395,23697
3396,23642
3397,23502
3398,23689
3399,23663
3400,23634
3401,23680
3402,23622
3403,23697
3404,23657
3405,23660
3406,23696
3407,23663
3408,23679
3409,23657
3410,23681
3411,23668
3412,23707
3413,23679
3414,23717
3415,23801
3416,23719
3417,23828
3418,23821
3419,23816
3420,23846
3421,23932
3422,23935
3423,23741
3424,23753
3425,23854
3426,23714
3427,23823
3428,23877
3429,23842
3430,23839
3431,23950
3432,23873
3433,23813
3434,23844
3435,23780
3436,23792
3437,23824
3438,23908
3439,23838
3440,23865
3441,23957
3442,23995
3443,24020
3444,24033
3445,23811
3446,23826
3447,23804
3448,23844
3449,23946
3450,24034
3451,23898
3452,23989
3453,24011
3454,24142
3455,23979
3456,24098
3457,23992
3458,24078
3459,24149
3460,24033
3461,24181
3462,24050
3463,23987
3464,24009
3465,24009
3466,24053
3467,24137
3468,24002
3469,24020
3470,24064
3471,24024
3472,24126
3473,24062
3474,24135
3475,24092
3476,24102
3477,24144
3478,24140
3479,24076
3480,24231
3481,24258
3482,24296
3483,24190
3484,24142
3485,24144
3486,24382
3487,24353
3488,24366
3489,24326
3490,24233
3491,24170
3492,24204
3493,24217
3494,24331
3495,24211
3496,24176
3497,24267
3498,24313
3499,24397
3500,24359
3501,24390
3502,24285
3503,24249
3504,24373
3505,24338
3506,24346
3507,24282
3508,24284
3509,24375
3510,24418
3511,24526
3512,24441
3513,24398
3514,24478
3515,24451
3516,24294
3517,24531
3518,24538
3519,24446
3520,24464
3521,24462
3522,24474
3523,24459
3524,24487
3525,24564
3526,24536
3527,24539
3528,24468
3529,24515
3530,24485
3531,24464
3532,24447
3533,24672
3534,24543
3535,24571
3536,24588
3537,24597
3538,24624
3539,24617
3540,24607
3541,24566
3542,24581
3543,24637
3544,24641
3545,24639
3546,24529
3547,24577
3548,24578
3549,24725
3550,24771
3551,24830
3552,24784
3553,24723
3554,24704
3555,24721
3556,24605
3557,24720
3558,24885
3559,24723
3560,24727
3561,24703
3562,24786
3563,24765
3564,24632
3565,24809
3566,24696
3567,24744
3568,24916
3569,24820
3570,24831
3571,24771
3572,24790
3573,24692
3574,24963
3575,24829
3576,24815
3577,24809
3578,24947
3579,24841
3580,24702
3581,24979
3582,25070
3583,24972
3584,24953
3585,24905
3586,24922
3587,24903
3588,24937
3589,24903
3590,24960
3591,24868
3592,25040
3593,24965
3594,24895
3595,24909
3596,25118
3597,25060
3598,24835
3599,25041
3600,24981
3601,25163
3602,25005
3603,25033
3604,24895
3605,25081
3606,25135
3607,24955
3608,25167
3609,25046
3610,25121
3611,25037
3612,25064
3613,25142
3614,25109
3615,25159
3616,25156
3617,25162
3618,25127
3619,25129
3620,25304
3621,25306
3622,25085
3623,25143
3624,25266
3625,25049
3626,25217
3627,25171
3628,25187
3629,25232
3630,25355
3631,25270
3632,25236
3633,25346
3634,25375
3635,25252
3636,25225
3637,25378
3638,25399
3639,25183
3640,25264
3641,25353
3642,25148
3643,25215
3644,25277
3645,25349
3646,25396
3647,25439
3648,25385
3649,25498
3650,25272
3651,25370
3652,25395
3653,25402
3654,25375
3655,25410
3656,25421
3657,25245
3658,25470
3659,25506
3660,25405
3661,25361
3662,25524
3663,25382
3664,25501
3665,25431
3666,25539
3667,25465
3668,25494
3669,25498
3670,25440
3671,25410
3672,25511
3673,25486
3674,25388
3675,25655
3676,25641
3677,25555
3678,25578
3679,25587
3680,25648
3681,25643
3682,25579
3683,25571
3684,25632
3685,25567
3686,25639
3687,25562
3688,25701
3689,25623
3690,25652
3691,25754
3692,25553
3693,25555
3694,25799
3695,25692
3696,25679
3697,25590
3698,25758
3699,25654
3700,25768
3701,25721
3702,25712
3703,25726
3704,25707
3705,25786
3706,25684
3707,25723
3708,25799
3709,25770
3710,25742
3711,25866
3712,25878
3713,25799
3714,25849
3715,25876
3716,25801
3717,25722
3718,25986
3719,25931
3720,25775
3721,25882
3722,25892
3723,25874
3724,25962
3725,25855
3726,25940
3727,25889
3728,25913
3729,25893
3730,25933
3731,25884
3732,26042
3733,25812
3734,25935
3735,25830
3736,25991
3737,25838
3738,26067
3739,25854
3740,25930
3741,26067
3742,26057
3743,26126
3744,26078
3745,26074
3746,26003
3747,25991
3748,26043
3749,26171
3750,26073
3751,26076
3752,25970
3753,26142
3754,26008
3755,26088
3756,25968
3757,26213
3758,26122
3759,26163
3760,26042
3761,26189
3762,26128
3763,26107
3764,26145
3765,26128
3766,26098
3767,26200
3768,26124
3769,26133
3770,26198
3771,26199
3772,26078
3773,26201
3774,26344
3775,26220
3776,26401
3777,26187
3778,26376
3779,26312
3780,26201
3781,26318
3782,26351
3783,26174
3784,26291
3785,26304
3786,26386
3787,26276
3788,26334
3789,26232
3790,26376
3791,26374
3792,26348
3793,26343
3794,26309
3795,26466
3796,26420
3797,26382
3798,26402
3799,26444
3800,26342
3801,26399
3802,26360
3803,26416
3804,26427
3805,26498
3806,26504
3807,26517
3808,26447
3809,26412
3810,26521
3811,26530
3812,26498
3813,26369
3814,26543
3815,26587
3816,26485
3817,26660
3818,26461
3819,26434
3820,26607
3821,26655
3822,26568
3823,26604
3824,26492
3825,26606
3826,26583
3827,26606
3828,26668
3829,26640
3830,26541
3831,26588
3832,26638
3833,26633
3834,26621
3835,26682
3836,26597
3837,26697
3838,26696
3839,26683
3840,26779
3841,26773
3842,26719
3843,26713
3844,26724
3845,26680
3846,26764
3847,26825
3848,26753
3849,26772
3850,26804
3851,26799
3852,26703
3853,26795
3854,26767
3855,26771
3856,26849
3857,26864
3858,26818
3859,26816
3860,26864
3861,26859
3862,26823
3863,26823
3864,26820
3865,26867
3866,26782
3867,26779
3868,26891
3869,26955
3870,27025
3871,26995
3872,26916
3873,26921
3874,26993
3875,26922
3876,26916
3877,26941
3878,26902
3879,26997
3880,26985
3881,26993
3882,26909
3883,26935
3884,27053
3885,27100
3886,27091
3887,27086
3888,27026
3889,27003
3890,27067
3891,27086
3892,27030
3893,27055
3894,27012
3895,27020
3896,27042
3897,27024
3898,27131
3899,27037
3900,27048
3901,27125
3902,27103
3903,27109
3904,27162
3905,27159
3906,27153
3907,27104
3908,27153
3909,27205
3910,27113
3911,27137
3912,27196
3913,27175
3914,27124
3915,27105
3916,27157
3917,27264
3918,27164
3919,27215
3920,27236
3921,27210
3922,27308
3923,27274
3924,27211
3925,27288
3926,27273
3927,27257
3928,27244
3929,27299
3930,27319
3931,27331
3932,27257
3933,27416
3934,27396
3935,27432
3936,27410
3937,27455
3938,27359
3939,27410
3940,27318
3941,27397
3942,27421
3943,27373
3944,27392
3945,27349
3946,27406
3947,27445
3948,27431
3949,27531
3950,27475
3951,27484
3952,27487
3953,27475
3954,27504
3955,27481
3956,27420
3957,27483
3958,27512
3959,27535
3960,27494
3961,27497
3962,27474
3963,27474
3964,27519
3965,27595
3966,27602
3967,27626
3968,27647
3969,27593
3970,27558
3971,27621
3972,27607
3973,27628
3974,27566
3975,27641
3976,27666
3977,27655
3978,27666
3979,27653
3980,27647
3981,27678
3982,27708
3983,27703
3984,27756
3985,27674
3986,27598
3987,27677
3988,27802
3989,27753
3990,27649
3991,27732
3992,27630
3993,27700
3994,27734
3995,27738
3996,27762
3997,27869
3998,27810
3999,27785
4000,27890
4001,27850
4002,27838
4003,27792
4004,27876
4005,27844
4006,27845
4007,27887
4008,27844
4009,27865
4010,27845
4011,27879
4012,27892
4013,27967
4014,27870
4015,27757
4016,27877
4017,27807
4018,27921
4019,27946
4020,27950
4021,27932
4022,27950
4023,28085
4024,27984
4025,28013
4026,27991
4027,27923
4028,27936
4029,28062
4030,28049
4031,28064
4032,28051
4033,28100
4034,28068
4035,28080
4036,28096
4037,28081
4038,28063
4039,28116
4040,28117
4041,28065
4042,28068
4043,28107
4044,28014
4045,28114
4046,28068
4047,28093
4048,28212
4049,28202
4050,28052
4051,28149
4052,28158
4053,28144
4054,28227
4055,28149
4056,28237
4057,28213
4058,28139
4059,28137
4060,28174
4061,28306
4062,28294
4063,28297
4064,28326
4065,28315
4066,28299
4067,28283
4068,28271
4069,28273
4070,28275
4071,28316
4072,28301
4073,28320
4074,28314
4075,28233
4076,28307
4077,28367
4078,28373
4079,28421
4080,28381
4081,28299
4082,28373
4083,28252
4084,28363
4085,28343
4086,28337
4087,28517
4088,28411
4089,28404
4090,28469
4091,28420
4092,28399
4093,28543
4094,28367
4095,28529
4096,28449
4097,28494
4098,28578
4099,28462
4100,28580
4101,28475
4102,28475
4103,28531
4104,28573
4105,28651
4106,28531
4107,28483
4108,28501
4109,28530
4110,28563
4111,28472
4112,28541
4113,28590
4114,28619
4115,28722
4116,28634
4117,28624
4118,28591
4119,28645
4120,28751
4121,28629
4122,28709
4123,28651
4124,28647
4125,28728
4126,28626
4127,28692
4128,28733
4129,28704
4130,28730
4131,28708
4132,28760
4133,28716
4134,28722
4135,28889
4136,28784
4137,28932
4138,28740
4139,28755
4140,28797
4141,28757
4142,28801
4143,28894
4144,28774
4145,28796
4146,28839
4147,28827
4148,28828
4149,28836
4150,28782
4151,28869
4152,28727
4153,28870
4154,28765
4155,28841
4156,28845
4157,28930
4158,28942
4159,28946
4160,28965
4161,29005
4162,28988
4163,28949
4164,28949
4165,28936
4166,28996
4167,28836
4168,29019
4169,28906
4170,28999
4171,29050
4172,28961
4173,29016
4174,29023
4175,29056
4176,29001
4177,29028
4178,29050
4179,29052
4180,28994
4181,29017
4182,29160
4183,29101
4184,28950
4185,29106
4186,29172
4187,29078
4188,29059
4189,29168
4190,29150
4191,29222
4192,29206
4193,29189
4194,29182
4195,29121
4196,29108
4197,29339
4198,29224
4199,29151
4200,29201
4201,29281
4202,29238
4203,29163
4204,29275
4205,29307
4206,29275
4207,29259
4208,29310
4209,29262
4210,29316
4211,29262
4212,29214
4213,29249
4214,29347
4215,29282
4216,29281
4217,29254
4218,29343
4219,29314
4220,29347
4221,29352
4222,29337
4223,29397
4224,29423
4225,29459
4226,29438
4227,29358
4228,29372
4229,29383
4230,29412
4231,29389
4232,29416
4233,29384
4234,29480
4235,29414
4236,29387
4237,29495
4238,29390
4239,29497
4240,29507
4241,29459
4242,29463
4243,29526
4244,29520
4245,29497
4246,29454
4247,29534
4248,29516
4249,29373
4250,29500
4251,29434
4252,29512
4253,29561
4254,29632
4255,29618
4256,29634
4257,29619
4258,29714
4259,29640
4260,29611
4261,29704
4262,29611
4263,29656
4264,29650
4265,29657
4266,29629
4267,29553
4268,29668
4269,29706
4270,29735
4271,29672
4272,29698
4273,29657
4274,29820
4275,29754
4276,29624
4277,29772
4278,29710
4279,29706
4280,29735
4281,29763
4282,29702
4283,29718
4284,29747
4285,29903
4286,29839
4287,29874
4288,29844
4289,29844
4290,29789
4291,29909
4292,29869
4293,29861
4294,29899
4295,29839
4296,29861
4297,29850
4298,29936
4299,29892
4300,29915
4301,29966
4302,29883
4303,29945
4304,29946
4305,29964
4306,29924
4307,29986
4308,29928
4309,29986
4310,29910
4311,29935
4312,30053
4313,29891
4314,29858
4315,29920
4316,29923
4317,30138
4318,30049
4319,30021
4320,30034
4321,30049
4322,30092
4323,30148
4324,29977
4325,30077
4326,30052
4327,30147
4328,30069
4329,30143
4330,30021
4331,30050
4332,30050
4333,30201
4334,30094
4335,30109
4336,30111
4337,30148
4338,30203
4339,30184
4340,30186
4341,30124
4342,30191
4343,30225
4344,30126
4345,30239
4346,30234
4347,30196
4348,30127
4349,30258
4350,30189
4351,30274
4352,30289
4353,30321
4354,30357
4355,30249
4356,30272
4357,30341
4358,30300
4359,30297
4360,30238
4361,30252
4362,30367
4363,30209
4364,30311
4365,30393
4366,30299
4367,30299
4368,30399
4369,30292
4370,30341
4371,30395
4372,30330
4373,30385
4374,30432
4375,30437
4376,30393
4377,30410
4378,30412
4379,30445
4380,30308
4381,30576
4382,30594
4383,30591
4384,30625
4385,30441
4386,30556
4387,30527
4388,30488
4389,30525
4390,30496
4391,30537
4392,30602
4393,30502
4394,30583
4395,30603
4396,30661
4397,30634
4398,30694
4399,30507
4400,30681
4401,30676
4402,30581
4403,30585
4404,30583
4405,30597
4406,30647
4407,30510
4408,30633
4409,30530
4410,30639
4411,30591
4412,30692
4413,30765
4414,30629
4415,30686
4416,30624
4417,30771
4418,30760
4419,30828
4420,30827
4421,30934
4422,30675
4423,30657
4424,30675
4425,30734
4426,30786
4427,30734
4428,30654
4429,30840
4430,30696
4431,30838
4432,30761
4433,30784
4434,30786
4435,30925
4436,30752
4437,30799
4438,30804
4439,30871
4440,30828
4441,30876
4442,30920
4443,30830
4444,30838
4445,30958
4446,30947
4447,31063
4448,31044
4449,30813
4450,30875
4451,30861
4452,30877
4453,30978
4454,30960
4455,30999
4456,31021
4457,30985
4458,30906
4459,30973
4460,30858
4461,31047
4462,30988
4463,30981
4464,31166
4465,31133
4466,31128
4467,30975
4468,30901
4469,30952
4470,30999
4471,31165
4472,31121
4473,31174
4474,31089
4475,31148
4476,31064
4477,31263
4478,31233
4479,31156
4480,31250
4481,31089
4482,31062
4483,31102
4484,31095
4485,31201
4486,31201
4487,31197
4488,31117
4489,31232
4490,31117
4491,31309
4492,31324
4493,31287
4494,31268
4495,31302
4496,31312
4497,31269
4498,31330
4499,31244
4500,31252
4501,31250
4502,31306
4503,31420
4504,31310
4505,31192
4506,31350
4507,31423
4508,31329
4509,31433
4510,31402
4511,31406
4512,31397
4513,31433
4514,31385
4515,31424
4516,31404
4517,31451
4518,31418
4519,31392
4520,31437
4521,31439
4522,31364
4523,31333
4524,31408
4525,31536
4526,31386
4527,31369
4528,31439
4529,31495
4530,31616
4531,31591
4532,31546
4533,31611
4534,31581
4535,31595
4536,31496
4537,31374
4538,31526
4539,31617
4540,31429
4541,31586
4542,31666
4543,31751
4544,31674
4545,31587
4546,31492
4547,31701
4548,31600
4549,31460
4550,31525
4551,31575
4552,31751
4553,31762
4554,31666
4555,31765
4556,31766
4557,31658
4558,31578
4559,31691
4560,31601
4561,31566
4562,31669
4563,31804
4564,31839
4565,31695
4566,31610
4567,31743
4568,31624
4569,31658
4570,31817
4571,31782
4572,31808
4573,31714
4574,31843
4575,31824
4576,31861
4577,31894
4578,31852
4579,31789
4580,31782
4581,31810
4582,31860
4583,31843
4584,31834
4585,31744
4586,31831
4587,32002
4588,31871
4589,31957
4590,31983
4591,31877
4592,31965
4593,31907
4594,31993
4595,31893
4596,31967
4597,31967
4598,31935
4599,32010
4600,31830
4601,31952
4602,31865
4603,32076
4604,31924
4605,32088
4606,32097
4607,32106
4608,32105
4609,31968
4610,32111
4611,32139
4612,32090
4613,32078
4614,32034
4615,32114
4616,32236
4617,32057
4618,32116
4619,32061
4620,32125
4621,32129
4622,32257
4623,32157
4624,32023
4625,32196
4626,32181
4627,32032
4628,32098
4629,32161
4630,32288
4631,32294
4632,32068
4633,32141
4634,32036
4635,32240
4636,32129
4637,32279
4638,32419
4639,32344
4640,32313
4641,32303
4642,32287
4643,32358
4644,32278
4645,32288
4646,32375
4647,32182
4648,32339
4649,32313
4650,32385
4651,32197
4652,32329
4653,32396
4654,32390
4655,32358
4656,32397
4657,32381
4658,32264
4659,32479
4660,32384
4661,32451
4662,32237
4663,32536
4664,32389
4665,32363
4666,32408
4667,32422
4668,32382
4669,32526
4670,32522
4671,32542
4672,32492
4673,32432
4674,32662
4675,32653
4676,32526
4677,32506
4678,32554
4679,32521
4680,32552
4681,32534
4682,32511
4683,32628
4684,32452
4685,32587
4686,32587
4687,32628
4688,32494
4689,32540
4690,32625
4691,32604
4692,32517
4693,32726
4694,32534
4695,32650
4696,32591
4697,32558
4698,32627
4699,32656
4700,32595
4701,32804
4702,32735
4703,32798
4704,32703
4705,32807
4706,32635
4707,32815
4708,32727
4709,32591
4710,32865
4711,32731
4712,32781
4713,32778
4714,32810
4715,32613
4716,32649
4717,32867
4718,32773
4719,32932
4720,32721
4721,32943
4722,32931
4723,32835
4724,32891
4725,32772
4726,32895
4727,32738
4728,32950
4729,32853
4730,32878
4731,32784
4732,32868
4733,32872
4734,33104
4735,32874
4736,32851
4737,33051
4738,32931
4739,33066
4740,32895
4741,33076
4742,33000
4743,33016
4744,32980
4745,33000
4746,32870
4747,33059
4748,32824
4749,33032
4750,33047
4751,33092
4752,32970
4753,33073
4754,32924
4755,33067
4756,33045
4757,33044
4758,33054
4759,33203
4760,33092
4761,33244
4762,32977
4763,33207
4764,33120
4765,33120
4766,33162
4767,33092
4768,33229
4769,33179
4770,33123
4771,33167
4772,33189
4773,33313
4774,33266
4775,33127
4776,33168
4777,33167
4778,33152
4779,33235
4780,33233
4781,33171
4782,33203
4783,33264
4784,33122
4785,33342
4786,33311
4787,33349
4788,33151
4789,33257
4790,33229
4791,33191
4792,33290
4793,33347
4794,33269
4795,33227
4796,33314
4797,33299
4798,33407
4799,33377
4800,33405
4801,33520
4802,33330
4803,33457
4804,33500
4805,33383
4806,33392
4807,33370
4808,33520
4809,33405
4810,33422
4811,33445
4812,33383
4813,33519
4814,33445
4815,33493
4816,33552
4817,33594
4818,33494
4819,33458
4820,33420
4821,33578
4822,33521
4823,33529
4824,33541
4825,33539
4826,33536
4827,33580
4828,33466
4829,33570
4830,33701
4831,33745
4832,33653
4833,33636
4834,33643
4835,33585
4836,33696
4837,33691
4838,33506
4839,33716
4840,33638
4841,33613
4842,33609
4843,33688
4844,33751
4845,33717
4846,33744
4847,33704
4848,33637
4849,33635
4850,33802
4851,33647
4852,33844
4853,33733
4854,33708
4855,33803
4856,33751
4857,33648
4858,33692
4859,33780
4860,33688
4861,33808
4862,33904
4863,33843
4864,33829
4865,33854
4866,33867
4867,33858
4868,33925
4869,33858
4870,33812
4871,33784
4872,33896
4873,33820
4874,33796
4875,33839
4876,33813
4877,33950
4878,33959
4879,33950
4880,34058
4881,33931
4882,33872
4883,33804
4884,34120
4885,33895
4886,33984
4887,33984
4888,33960
4889,33940
4890,33888
4891,34030
4892,34004
4893,34049
4894,34068
4895,33992
4896,33947
4897,34303
4898,33952
4899,34025
4900,34157
4901,34115
4902,34007
4903,34109
4904,34152
4905,34068
4906,34068
4907,34112
4908,34137
4909,34204
4910,34209
4911,34108
4912,34181
4913,34163
4914,34134
4915,34125
4916,34275
4917,34123
4918,34097
4919,34104
4920,34135
4921,34227
4922,34222
4923,34261
4924,34279
4925,34264
4926,34186
4927,34278
4928,34284
4929,34243
4930,34307
4931,34273
4932,34230
4933,34300
4934,34304
4935,34313
4936,34301
4937,34372
4938,34329
4939,34332
4940,34298
4941,34275
4942,34416
4943,34405
4944,34402
4945,34459
4946,34461
4947,34280
4948,34414
4949,34451
4950,34385
4951,34285
4952,34350
4953,34518
4954,34287
4955,34402
4956,34481
4957,34525
4958,34487
4959,34534
4960,34502
4961,34428
4962,34508
4963,34477
4964,34474
4965,34444
4966,34645
4967,34580
4968,34538
4969,34530
4970,34498
4971,34556
4972,34583
4973,34628
4974,34643
4975,34614
4976,34611
4977,34667
4978,34618
4979,34584
4980,34627
4981,34649
4982,34615
4983,34639
4984,34630
4985,34573
4986,34602
4987,34606
4988,34662
4989,34695
4990,34675
4991,34723
4992,34730
4993,34703
4994,34816
4995,34807
4996,34737
4997,34687
4998,34753
4999,34833
5000,34764
5001,34801
5002,34721
5003,34799
5004,34754
5005,34915
5006,34801
5007,34848
5008,34833
5009,34867
5010,34818
5011,34919
5012,34874
5013,34946
5014,34895
5015,34759
5016,35020
5017,34820
5018,34849
5019,34819
5020,34867
5021,34983
5022,35042
5023,34959
5024,34932
5025,35079
5026,34952
5027,34939
5028,35036
5029,34956
5030,35001
5031,34981
5032,34998
5033,35007
5034,34978
5035,35052
5036,35002
5037,34966
5038,35019
5039,35026
5040,35007
5041,35065
5042,35084
5043,35041
5044,35026
5045,35073
5046,35033
5047,34960
5048,35121
5049,35074
5050,35083
5051,35119
5052,35135
5053,35239
5054,35333
5055,35215
5056,35117
5057,35182
5058,35158
5059,35099
5060,35279
5061,35166
5062,35195
5063,35199
5064,35178
5065,35228
5066,35188
5067,35205
5068,35249
5069,35271
5070,35262
5071,35305
5072,35442
5073,35316
5074,35285
5075,35223
5076,35220
5077,35195
5078,35254
5079,35277
5080,35338
5081,35318
5082,35279
5083,35315
5084,35367
5085,35355
5086,35407
5087,35405
5088,35386
5089,35476
5090,35423
5091,35347
5092,35410
5093,35492
5094,35416
5095,35451
5096,35426
5097,35356
5098,35464
5099,35523
5100,35414
5101,35439
5102,35486
5103,35555
5104,35523
5105,35484
5106,35508
5107,35507
5108,35519
5109,35409
5110,35575
5111,35625
5112,35482
5113,35511
5114,35524
5115,35684
5116,35541
5117,35590
5118,35643
5119,35646
5120,35652
5121,35556
5122,35665
5123,35740
5124,35600
5125,35644
5126,35652
5127,35731
5128,35613
5129,35715
5130,35644
5131,35644
5132,35648
5133,35746
5134,35785
5135,35787
5136,35715
5137,35719
5138,35731
5139,35688
5140,35735
5141,35835
5142,35716
5143,35733
5144,35722
5145,35751
5146,35794
5147,35799
5148,35736
5149,35855
5150,35840
5151,35775
5152,35963
5153,35843
5154,35882
5155,35855
5156,35853
5157,35848
5158,35797
5159,35845
5160,35831
5161,35895
5162,35871
5163,36092
5164,35842
5165,35915
5166,35961
5167,35933
5168,35919
5169,36028
5170,35822
5171,35895
5172,35880
5173,35967
5174,35925
5175,36224
5176,35956
5177,35957
5178,35944
5179,35990
5180,35939
5181,36183
5182,36023
5183,36106
5184,35941
5185,36073
5186,36033
5187,36065
5188,36041
5189,36117
5190,36062
5191,36131
5192,36161
5193,36290
5194,36024
5195,36103
5196,36042
5197,36158
5198,36062
5199,36163
5200,36158
5201,36176
5202,36174
5203,36173
5204,36149
5205,35955
5206,36240
5207,36187
5208,36264
5209,36223
5210,36321
5211,36248
5212,36168
5213,36318
5214,36319
5215,36293
5216,36320
5217,36036
5218,36284
5219,36338
5220,36366
5221,36347
5222,36317
5223,36425
5224,36314
5225,36299
5226,36360
5227,36356
5228,36325
5229,36414
5230,36410
5231,36352
5232,36401
5233,36437
5234,36409
5235,36272
5236,36371
5237,36375
5238,36434
5239,36458
5240,36464
5241,36438
5242,36439
5243,36404
5244,36419
5245,36530
5246,36553
5247,36523
5248,36428
5249,36508
5250,36513
5251,36434
5252,36499
5253,36498
5254,36458
5255,36545
5256,36520
5257,36511
5258,36536
5259,36547
5260,36601
5261,36647
5262,36571
5263,36557
5264,36590
5265,36588
5266,36593
5267,36661
5268,36594
5269,36568
5270,36655
5271,36632
5272,36660
5273,36684
5274,36609
5275,36653
5276,36580
5277,36785
5278,36684
5279,36823
5280,36713
5281,36804
5282,36749
5283,36524
5284,36800
5285,36769
5286,36702
5287,36852
5288,36633
5289,36808
5290,36796
5291,36811
5292,36706
5293,36839
5294,36852
5295,36656
5296,36873
5297,36777
5298,36855
5299,36843
5300,36914
5301,36856
5302,36772
5303,36849
5304,36822
5305,36843
5306,36829
5307,36861
5308,36903
5309,36989
5310,36977
5311,37005
5312,37044
5313,36955
5314,36929
5315,36906
5316,36979
5317,36891
5318,36941
5319,36953
5320,37056
5321,37072
5322,36896
5323,37048
5324,36959
5325,37148
5326,37078
5327,37055
5328,37185
5329,37006
5330,37115
5331,36950
5332,37048
5333,37143
5334,37048
5335,37165
5336,37074
5337,37098
5338,37047
5339,37018
5340,37107
5341,37197
5342,37124
5343,37178
5344,37213
5345,37089
5346,37192
5347,37143
5348,37311
5349,37177
5350,37157
5351,37307
5352,37237
5353,37435
5354,37256
5355,37191
5356,37151
5357,37307
5358,37224
5359,37342
5360,37347
5361,37285
5362,37197
5363,37254
5364,37335
5365,37361
5366,37308
5367,37262
5368,37412
5369,37306
5370,37417
5371,37251
5372,37319
5373,37492
5374,37451
5375,37461
5376,37343
5377,37489
5378,37266
5379,37432
5380,37380
5381,37315
5382,37410
5383,37341
5384,37408
5385,37435
5386,37543
5387,37427
5388,37562
5389,37562
5390,37508
5391,37534
5392,37571
5393,37447
5394,37524
5395,37572
5396,37499
5397,37520
5398,37571
5399,37518
5400,37529
5401,37418
5402,37507
5403,37542
5404,37599
5405,37617
5406,37590
5407,37658
5408,37724
5409,37690
5410,37678
5411,37629
5412,37596
5413,37575
5414,37628
5415,37684
5416,37694
5417,37739
5418,37651
5419,37643
5420,37579
5421,37630
5422,37587
5423,37754
5424,37688
5425,37770
5426,37767
5427,37740
5428,37776
5429,37724
5430,37770
5431,37864
5432,37770
5433,37742
5434,37793
5435,37797
5436,37772
5437,37732
5438,37862
5439,37697
5440,37833
5441,37774
5442,37739
5443,37793
5444,37871
5445,37837
5446,37829
5447,37827
5448,37812
5449,37880
5450,37814
5451,37865
5452,37873
5453,37900
5454,37867
5455,37861
5456,37820
5457,38008
5458,37971
5459,37949
5460,38074
5461,37998
5462,38124
5463,37956
5464,38064
5465,38009
5466,38025
5467,38030
5468,37959
5469,38049
5470,38121
5471,38089
5472,38183
5473,38145
5474,37984
5475,38018
5476,38072
5477,38027
5478,38126
5479,38121
5480,38024
5481,38088
5482,38093
5483,38105
5484,37994
5485,38142
5486,38259
5487,38269
5488,38299
5489,38340
5490,38179
5491,38377
5492,38149
5493,38172
5494,38183
5495,38241
5496,38171
5497,38058
5498,38074
5499,38119
5500,38117
5501,38267
5502,38285
5503,38195
5504,38233
5505,38223
5506,38313
5507,38161
5508,38301
5509,38415
5510,38415
5511,38326
5512,38359
5513,38239
5514,38411
5515,38405
5516,38434
5517,38297
5518,38321
5519,38324
5520,38342
5521,38359
5522,38329
5523,38357
5524,38306
5525,38411
5526,38434
5527,38440
5528,38370
5529,38511
5530,38389
5531,38549
5532,38484
5533,38564
5534,38568
5535,38579
5536,38497
5537,38390
5538,38602
5539,38552
5540,38662
5541,38559
5542,38560
5543,38636
5544,38655
5545,38658
5546,38505
5547,38509
5548,38493
5549,38708
5550,38577
5551,38577
5552,38514
5553,38621
5554,38537
5555,38523
5556,38516
5557,38602
5558,38726
5559,38718
5560,38732
5561,38622
5562,38756
5563,38691
5564,38687
5565,38768
5566,38767
5567,38784
5568,38743
5569,38696
5570,38769
5571,38752
5572,38610
5573,38818
5574,38781
5575,38819
5576,38773
5577,38702
5578,38788
5579,38675
5580,38833
5581,38940
5582,38870
5583,38853
5584,38957
5585,38848
5586,38767
5587,38851
5588,38888
5589,38907
5590,38900
5591,38851
5592,38734
5593,38921
5594,38759
5595,38747
5596,38900
5597,38885
5598,38953
5599,39011
5600,38999
5601,39048
5602,38881
5603,38953
5604,39014
5605,38877
5606,38954
5607,39071
5608,38924
5609,39084
5610,39043
5611,38941
5612,38991
5613,39054
5614,39030
5615,38922
5616,39040
5617,38992
5618,39135
5619,39045
5620,39170
5621,39114
5622,38986
5623,39121
5624,39030
5625,39076
5626,38904
5627,39093
5628,39120
5629,39148
5630,39225
5631,39129
5632,39219
5633,39220
5634,39164
5635,39250
5636,39159
5637,39291
5638,39235
5639,39111
5640,39175
5641,39330
5642,39175
5643,39252
5644,39193
5645,39307
5646,39382
5647,39159
5648,39297
5649,39265
5650,39201
5651,39234
5652,39254
5653,39373
5654,39228
5655,39399
5656,39302
5657,39373
5658,39289
5659,39341
5660,39351
5661,39305
5662,39350
5663,39435
5664,39507
5665,39349
5666,39510
5667,39405
5668,39458
5669,39369
5670,39440
5671,39331
5672,39372
5673,39471
5674,39357
5675,39472
5676,39522
5677,39460
5678,39409
5679,39545
5680,39500
5681,39569
5682,39504
5683,39651
5684,39552
5685,39433
5686,39525
5687,39632
5688,39475
5689,39510
5690,39595
5691,39562
5692,39543
5693,39719
5694,39680
5695,39680
5696,39611
5697,39486
5698,39621
5699,39679
5700,39634
5701,39606
5702,39755
5703,39707
5704,39613
5705,39768
5706,39729
5707,39617
5708,39569
5709,39703
5710,39684
5711,39704
5712,39806
5713,39740
5714,39721
5715,39692
5716,39827
5717,39673
5718,39766
5719,39916
5720,39791
5721,39809
5722,39756
5723,39644
5724,39776
5725,39853
5726,39865
5727,39978
5728,39798
5729,39884
5730,40040
5731,39889
5732,39897
5733,39838
5734,39795
5735,39869
5736,39798
5737,39876
5738,40002
5739,39867
5740,39899
5741,39940
5742,39973
5743,39949
5744,39964
5745,39951
5746,40041
5747,39942
5748,39923
5749,40054
5750,39926
5751,40004
5752,39946
5753,40061
5754,39980
5755,40086
5756,40020
5757,40185
5758,40071
5759,39972
5760,40190
5761,40146
5762,40130
5763,40090
5764,39963
5765,40050
5766,40030
5767,40162
5768,39996
5769,40074
5770,40054
5771,40131
5772,40193
5773,40210
5774,40166
5775,40084
5776,40204
5777,40134
5778,40103
5779,40143
5780,40189
5781,40116
5782,40187
5783,40339
5784,40099
5785,40116
5786,40163
5787,40207
5788,40209
5789,40398
5790,40202
5791,40205
5792,40261
5793,40250
5794,40434
5795,40201
5796,40259
5797,40268
5798,40374
5799,40316
5800,40434
5801,40293
5802,40278
5803,40292
5804,40328
5805,40270
5806,40508
5807,40512
5808,40524
5809,40321
5810,40381
5811,40341
5812,40436
5813,40445
5814,40509
5815,40426
5816,40326
5817,40571
5818,40510
5819,40520
5820,40291
5821,40532
5822,40561
5823,40495
5824,40513
5825,40495
5826,40590
5827,40577
5828,40434
5829,40441
5830,40510
5831,40629
5832,40570
5833,40465
5834,40545
5835,40527
5836,40725
5837,40628
5838,40628
5839,40559
5840,40632
5841,40551
5842,40691
5843,40573
5844,40694
5845,40646
5846,40610
5847,40692
5848,40617
5849,40541
5850,40639
5851,40586
5852,40671
5853,40747
5854,40718
5855,40811
5856,40656
5857,40741
5858,40758
5859,40781
5860,40776
5861,40742
5862,40650
5863,40817
5864,40896
5865,40756
5866,40885
5867,40773
5868,40753
5869,40746
5870,40819
5871,40737
5872,40914
5873,40844
5874,40723
5875,40879
5876,40766
5877,40734
5878,40939
5879,40775
5880,40960
5881,41029
5882,40863
5883,40891
5884,40927
5885,40946
5886,40880
5887,40925
5888,40925
5889,41004
5890,41034
5891,41056
5892,41074
5893,40991
5894,40974
5895,41018
5896,40954
5897,40982
5898,40959
5899,41015
5900,41085
5901,41019
5902,40831
5903,41028
5904,41092
5905,40990
5906,41026
5907,41178
5908,41080
5909,41000
5910,40995
5911,41124
5912,41112
5913,41160
5914,41042
5915,41014
5916,41102
5917,41192
5918,41046
5919,41194
5920,41318
5921,41202
5922,41133
5923,41232
5924,41085
5925,41201
5926,41152
5927,41214
5928,41318
5929,41212
5930,41124
5931,41274
5932,41241
5933,41211
5934,41209
5935,41259
5936,41336
5937,41321
5938,41323
5939,41316
5940,41308
5941,41247
5942,41324
5943,41389
5944,41280
5945,41390
5946,41230
5947,41405
5948,41347
5949,41402
5950,41344
5951,41412
5952,41412
5953,41381
5954,41357
5955,41404
5956,41435
5957,41425
5958,41280
5959,41431
5960,41393
5961,41535
5962,41461
5963,41428
5964,41483
5965,41625
5966,41579
5967,41423
5968,41636
5969,41523
5970,41457
5971,41415
5972,41597
5973,41504
5974,41559
5975,41602
5976,41525
5977,41493
5978,41487
5979,41535
5980,41440
5981,41664
5982,41695
5983,41710
5984,41649
5985,41648
5986,41578
5987,41581
5988,41647
5989,41588
5990,41659
5991,41654
5992,41715
5993,41643
5994,41670
5995,41628
5996,41645
5997,41756
5998,41698
5999,41765
6000,41756
6001,41734
6002,41692
6003,41732
6004,41701
6005,41753
6006,41683
6007,41791
6008,41762
6009,41687
6010,41801
6011,41738
6012,41654
6013,41842
6014,41974
6015,41835
6016,41860
6017,41867
6018,41869
6019,41922
6020,41918
6021,41856
6022,41911
6023,41896
6024,41875
6025,41748
6026,41864
6027,41897
6028,41893
6029,41974
6030,41867
6031,42008
6032,42023
6033,42009
6034,41837
6035,42031
6036,41931
6037,41999
6038,41932
6039,41945
6040,42023
6041,41949
6042,41885
6043,42108
6044,42027
6045,42042
6046,42030
6047,42112
6048,42085
6049,42174
6050,42104
6051,42026
6052,42166
6053,42121
6054,41979
6055,42091
6056,42053
6057,42128
6058,42084
6059,42146
6060,42217
6061,42075
6062,42155
6063,42209
6064,42109
6065,42163
6066,42104
6067,42186
6068,42140
6069,42132
6070,42042
6071,42202
6072,42227
6073,42128
6074,42262
6075,42272
6076,42277
6077,42183
6078,42335
6079,42325
6080,42383
6081,42357
6082,42255
6083,42357
6084,42343
6085,42239
6086,42261
6087,42342
6088,42370
6089,42385
6090,42248
6091,42383
6092,42332
6093,42433
6094,42380
6095,42384
6096,42307
6097,42422
6098,42390
6099,42379
6100,42405
6101,42323
6102,42311
6103,42492
6104,42404
6105,42396
6106,42520
6107,42471
6108,42427
6109,42513
6110,42539
6111,42411
6112,42467
6113,42539
6114,42545
6115,42489
6116,42601
6117,42583
6118,42553
6119,42542
6120,42554
6121,42439
6122,42500
6123,42587
6124,42538
6125,42536
6126,42647
6127,42617
6128,42622
6129,42604
6130,42593
6131,42701
6132,42640
6133,42608
6134,42672
6135,42712
6136,42623
6137,42700
6138,42654
6139,42645
6140,42649
6141,42794
6142,42787
6143,42734
6144,42701
6145,42835
6146,42754
6147,42804
6148,42768
6149,42771
6150,42748
6151,42875
6152,42747
6153,42713
6154,42767
6155,42806
6156,42840
6157,42930
6158,42870
6159,42858
6160,42818
6161,42926
6162,42850
6163,42749
6164,42829
6165,42893
6166,42930
6167,42959
6168,42899
6169,42878
6170,42834
6171,42926
6172,42863
6173,42931
6174,42986
6175,42975
6176,43103
6177,43003
6178,42945
6179,43003
6180,42957
6181,43046
6182,42972
6183,42912
6184,42957
6185,42977
6186,43061
6187,42985
6188,42956
6189,43086
6190,43066
6191,43051
6192,43059
6193,42942
6194,43056
6195,43041
6196,43144
6197,43102
6198,43090
6199,43114
6200,43120
6201,43075
6202,43148
6203,43019
6204,42998
6205,43184
6206,43200
6207,43291
6208,43211
6209,43197
6210,43148
6211,43170
6212,43148
6213,43225
6214,43241
6215,43200
6216,43161
6217,43110
6218,43274
6219,43221
6220,43204
6221,43240
6222,43222
6223,43347
6224,43297
6225,43275
6226,43279
6227,43190
6228,43289
6229,43290
6230,43273
6231,43297
6232,43197
6233,43318
6234,43236
6235,43295
6236,43240
6237,43353
6238,43391
6239,43434
6240,43374
6241,43469
6242,43293
6243,43446
6244,43389
6245,43391
6246,43368
6247,43378
6248,43356
6249,43398
6250,43409
6251,43418
6252,43532
6253,43552
6254,43483
6255,43577
6256,43548
6257,43446
6258,43581
6259,43460
6260,43472
6261,43531
6262,43542
6263,43586
6264,43531
6265,43571
6266,43603
6267,43460
6268,43576
6269,43650
6270,43622
6271,43693
6272,43766
6273,43659
6274,43654
6275,43611
6276,43718
6277,43573
6278,43629
6279,43668
6280,43618
6281,43758
6282,43739
6283,43744
6284,43654
6285,43675
6286,43693
6287,43584
6288,43789
6289,43723
6290,43783
6291,43659
6292,43662
6293,43651
6294,43742
6295,43748
6296,43814
6297,43794
6298,43673
6299,43741
6300,43786
6301,43762
6302,43847
6303,43799
6304,43907
6305,43857
6306,43939
6307,43939
6308,43804
6309,43939
6310,43840
6311,43822
6312,43922
6313,43812
6314,43901
6315,43901
6316,44003
6317,44029
6318,43858
6319,44027
6320,43928
6321,43886
6322,43987
6323,43858
6324,43974
6325,44004
6326,44076
6327,44054
6328,43902
6329,43979
6330,43919
6331,44129
6332,43937
6333,44170
6334,44060
6335,44059
6336,44031
6337,44066
6338,44035
6339,44097
6340,44061
6341,44241
6342,44020
6343,44173
6344,44093
6345,44041
6346,44091
6347,43981
6348,44102
6349,44114
6350,44163
6351,44253
6352,44167
6353,44169
6354,44156
6355,44224
6356,44176
6357,44165
6358,44089
6359,44136
6360,44220
6361,44238
6362,44191
6363,44236
6364,44209
6365,44313
6366,44381
6367,44323
6368,44276
6369,44391
6370,44308
6371,44259
6372,44320
6373,44253
6374,44300
6375,44365
6376,44356
6377,44374
6378,44352
6379,44423
6380,44291
6381,44256
6382,44457
6383,44351
6384,44400
6385,44429
6386,44428
6387,44406
6388,44370
6389,44409
6390,44463
6391,44365
6392,44555
6393,44394
6394,44411
6395,44327
6396,44465
6397,44437
6398,44549
6399,44564
6400,44565
6401,44519
6402,44638
6403,44519
6404,44548
6405,44456
6406,44550
6407,44495
6408,44586
6409,44557
6410,44555
6411,44550
6412,44554
6413,44658
6414,44594
6415,44611
6416,44617
6417,44638
6418,44554
6419,44570
6420,44741
6421,44577
6422,44624
6423,44739
6424,44785
6425,44585
6426,44796
6427,44706
6428,44580
6429,44801
6430,44820
6431,44638
6432,44799
6433,44865
6434,44738
6435,44711
6436,44854
6437,44732
6438,44795
6439,44703
6440,44802
6441,44709
6442,44727
6443,44740
6444,44843
6445,44743
6446,44809
6447,44952
6448,44826
6449,44814
6450,44946
6451,44831
6452,44784
6453,44842
6454,44874
6455,44883
6456,44927
6457,44967
6458,44853
6459,44994
6460,44915
6461,45032
6462,44978
6463,44944
6464,45048
6465,44979
6466,44986
6467,44936
6468,45008
6469,44974
6470,44882
6471,44911
6472,44913
6473,44841
6474,44920
6475,44944
6476,44911
6477,45095
6478,45046
6479,45088
6480,45061
6481,45119
6482,45099
6483,45165
6484,45185
6485,45090
6486,45012
6487,45195
6488,45125
6489,45116
6490,45059
6491,45097
6492,45011
6493,45259
6494,45221
6495,45193
6496,45370
6497,45118
6498,45157
6499,45229
6500,45228
6501,45318
6502,45311
6503,45220
6504,45320
6505,45243
6506,45210
6507,45208
6508,45216
6509,45184
6510,45244
6511,45293
6512,45390
6513,45319
6514,45284
6515,45410
6516,45160
6517,45238
6518,45199
6519,45287
6520,45296
6521,45415
6522,45402
6523,45220
6524,45308
6525,45482
6526,45436
6527,45442
6528,45512
6529,45498
6530,45388
6531,45369
6532,45575
6533,45292
6534,45427
6535,45431
6536,45437
6537,45439
6538,45399
6539,45404
6540,45483
6541,45578
6542,45526
6543,45671
6544,45351
6545,45472
6546,45450
6547,45628
6548,45547
6549,45726
6550,45420
6551,45572
6552,45718
6553,45548
6554,45576
6555,45604
6556,45550
6557,45758
6558,45677
6559,45678
6560,45680
6561,45642
6562,45599
6563,45818
6564,45778
6565,45697
6566,45517
6567,45627
6568,45620
6569,45663
6570,45688
6571,45635
6572,45640
6573,45777
6574,45731
6575,45647
6576,45806
6577,45710
6578,45755
6579,45732
6580,45849
6581,45776
6582,45780
6583,45850
6584,45859
6585,45762
6586,45674
6587,45885
6588,45802
6589,45898
6590,45863
6591,45925
6592,45830
6593,45870
6594,45930
6595,45802
6596,45870
6597,45845
6598,45792
6599,45749
6600,45854
6601,45926
6602,45773
6603,45861
6604,45944
6605,46051
6606,45838
6607,45977
6608,45968
6609,45899
6610,45948
6611,45908
6612,45943
6613,45954
6614,45979
6615,45967
6616,46038
6617,45966
6618,46000
6619,46050
6620,45865
6621,46157
6622,45946
6623,45979
6624,46137
6625,46161
6626,46043
6627,46136
6628,46166
6629,46130
6630,46251
6631,46038
6632,46095
6633,46199
6634,46178
6635,46270
6636,46301
6637,46064
6638,46177
6639,46264
6640,46193
6641,46181
6642,46109
6643,46074
6644,46071
6645,46085
6646,46138
6647,46249
6648,46263
6649,46238
6650,46224
6651,46272
6652,46233
6653,46416
6654,46333
6655,46373
6656,46359
6657,46290
6658,46237
6659,46343
6660,46249
6661,46319
6662,46282
6663,46294
6664,46315
6665,46251
6666,46414
6667,46326
6668,46364
6669,46362
6670,46496
6671,46468
6672,46398
6673,46300
6674,46466
6675,46378
6676,46477
6677,46583
6678,46444
6679,46430
6680,46453
6681,46528
6682,46408
6683,46421
6684,46309
6685,46596
6686,46649
6687,46634
6688,46569
6689,46565
6690,46647
6691,46590
6692,46509
6693,46548
6694,46597
6695,46541
6696,46509
6697,46496
6698,46715
6699,46605
6700,46631
6701,46729
6702,46747
6703,46601
6704,46539
6705,46533
6706,46516
6707,46658
6708,46622
6709,46554
6710,46621
6711,46784
6712,46709
6713,46561
6714,46699
6715,46686
6716,46702
6717,46744
6718,46737
6719,46653
6720,46692
6721,46837
6722,46827
6723,46695
6724,46774
6725,46881
6726,46630
6727,46939
6728,46676
6729,46822
6730,46862
6731,46881
6732,46840
6733,46734
6734,46673
6735,46952
6736,46844
6737,46844
6738,46835
6739,46957
6740,46870
6741,46970
6742,46956
6743,46917
6744,46915
6745,46920
6746,46810
6747,46967
6748,46836
6749,46851
6750,46980
6751,46939
6752,47106
6753,47089
6754,46907
6755,47009
6756,46965
6757,47097
6758,46893
6759,46906
6760,46965
6761,47134
6762,47078
6763,46887
6764,47024
6765,47081
6766,47184
6767,46909
6768,47009
6769,47183
6770,47102
6771,47076
6772,47043
6773,46965
6774,47156
6775,47111
6776,47149
6777,47134
6778,47210
6779,47128
6780,47070
6781,47122
6782,47170
6783,47217
6784,47265
6785,47219
6786,47156
6787,47315
6788,47223
6789,47188
6790,47125
6791,47202
6792,47173
6793,47302
6794,47285
6795,47232
6796,47333
6797,47306
6798,47246
6799,47206
6800,47295
6801,47208
6802,47438
6803,47321
6804,47269
6805,47265
6806,47407
6807,47398
6808,47303
6809,47235
6810,47312
6811,47278
6812,47210
6813,47368
6814,47404
6815,47542
6816,47505
6817,47397
6818,47370
6819,47444
6820,47416
6821,47348
6822,47362
6823,47466
6824,47372
6825,47362
6826,47459
6827,47612
6828,47477
6829,47519
6830,47565
6831,47614
6832,47507
6833,47437
6834,47438
6835,47543
6836,47679
6837,47579
6838,47561
6839,47651
6840,47550
6841,47450
6842,47488
6843,47573
6844,47590
6845,47684
6846,47632
6847,47715
6848,47531
6849,47711
6850,47585
6851,47597
6852,47714
6853,47721
6854,47695
6855,47645
6856,47714
6857,47579
6858,47615
6859,47722
6860,47752
6861,47741
6862,47632
6863,47625
6864,47752
6865,47727
6866,47871
6867,47750
6868,47814
6869,47837
6870,47723
6871,47726
6872,47688
6873,47755
6874,47813
6875,47844
6876,47877
6877,47867
6878,47940
6879,47979
6880,47884
6881,47888
6882,47775
6883,47784
6884,47942
6885,47921
6886,47869
6887,47919
6888,48024
6889,47836
6890,47890
6891,47884
6892,47808
6893,48055
6894,47969
6895,47950
6896,47904
6897,47839
6898,48056
6899,47959
6900,48036
6901,48094
6902,47868
6903,47978
6904,48006
6905,47943
6906,47851
6907,48042
6908,48055
6909,48081
6910,48156
6911,47990
6912,48091
6913,48104
6914,47937
6915,48238
6916,48160
6917,48088
6918,48162
6919,48215
6920,48019
6921,48208
6922,48087
6923,47976
6924,48245
6925,48197
6926,48195
6927,48232
6928,48281
6929,48091
6930,48212
6931,48211
6932,48142
6933,48324
6934,48084
6935,48170
6936,48178
6937,48231
6938,48253
6939,48206
6940,48235
6941,48318
6942,48427
6943,48252
6944,48221
6945,48271
6946,48276
6947,48362
6948,48340
6949,48386
6950,48442
6951,48200
6952,48247
6953,48361
6954,48344
6955,48296
6956,48357
6957,48475
6958,48468
6959,48539
6960,48267
6961,48299
6962,48475
6963,48364
6964,48401
6965,48417
6966,48434
6967,48354
6968,48316
6969,48550
6970,48507
6971,48485
6972,48338
6973,48525
6974,48527
6975,48625
6976,48494
6977,48446
6978,48649
6979,48626
6980,48581
6981,48500
6982,48544
6983,48554
6984,48642
6985,48520
6986,48581
6987,48523
6988,48626
6989,48575
6990,48571
6991,48566
6992,48661
6993,48690
6994,48610
6995,48634
6996,48590
6997,48698
6998,48607
6999,48586
7000,48643
7001,48714
7002,48749
7003,48652
7004,48631
7005,48744
7006,48765
7007,48787
7008,48811
7009,48798
7010,48711
7011,48699
7012,48762
7013,48754
7014,48758
7015,48817
7016,48830
7017,48826
7018,48815
7019,48721
7020,48749
7021,48913
7022,48884
7023,48809
7024,48780
7025,48862
7026,48847
7027,48850
7028,48904
7029,48848
7030,48909
7031,48900
7032,48839
7033,48903
7034,48873
7035,48964
7036,48876
7037,48909
7038,48918
7039,48954
7040,48974
7041,49029
7042,48935
7043,48959
7044,48899
7045,48936
7046,49045
7047,49101
7048,48966
7049,48983
7050,49073
7051,48939
7052,48919
7053,48992
7054,48995
7055,49206
7056,49147
7057,49087
7058,49059
7059,49053
7060,49081
7061,49080
7062,49030
7063,49073
7064,49159
7065,49218
7066,49114
7067,49101
7068,49057
7069,49255
7070,49127
7071,49133
7072,49113
7073,49377
7074,49264
7075,49249
7076,49233
7077,49167
7078,49244
7079,49155
7080,49115
7081,49122
7082,49266
7083,49250
7084,49250
7085,49349
7086,49244
7087,49291
7088,49237
7089,49163
7090,49192
7091,49382
7092,49294
7093,49278
7094,49332
7095,49503
7096,49292
7097,49269
7098,49338
7099,49373
7100,49315
7101,49431
7102,49423
7103,49421
7104,49648
7105,49423
7106,49346
7107,49428
7108,49417
7109,49410
7110,49487
7111,49458
7112,49441
7113,49244
7114,49421
7115,49483
7116,49447
7117,49513
7118,49549
7119,49519
7120,49522
7121,49500
7122,49284
7123,49500
7124,49581
7125,49517
7126,49503
7127,49525
7128,49552
7129,49543
7130,49565
7131,49627
7132,49576
7133,49661
7134,49627
7135,49678
7136,49705
7137,49621
7138,49674
7139,49671
7140,49741
7141,49673
7142,49645
7143,49699
7144,49633
7145,49638
7146,49708
7147,49668
7148,49649
7149,49717
7150,49751
7151,49766
7152,49757
7153,49843
7154,49711
7155,49712
7156,49707
7157,49730
7158,49758
7159,49747
7160,49764
7161,49783
7162,49828
7163,49739
7164,49738
7165,49924
7166,49882
7167,49850
7168,49891
7169,49895
7170,49891
7171,49862
7172,49857
7173,49877
7174,50116
7175,49856
7176,49831
7177,49945
7178,49896
7179,49842
7180,49801
7181,49908
7182,49987
7183,49936
7184,49987
7185,50083
7186,49941
7187,49907
7188,50072
7189,50005
7190,49926
7191,49873
7192,49911
7193,50075
7194,49969
7195,49952
7196,50069
7197,50144
7198,50129
7199,50109
7200,50117
7201,50034
7202,50065
7203,50117
7204,50191
7205,50064
7206,50125
7207,50151
7208,50137
7209,50220
7210,50196
7211,50145
7212,50073
7213,50241
7214,50222
7215,50168
7216,50170
7217,50178
7218,50142
7219,50097
7220,50262
7221,50057
7222,50186
7223,50202
7224,50216
7225,50109
7226,50242
7227,50229
7228,50206
7229,50219
7230,50335
7231,50281
7232,50315
7233,50291
7234,50334
7235,50214
7236,50300
7237,50400
7238,50276
7239,50311
7240,50326
7241,50360
7242,50302
7243,50227
7244,50284
7245,50427
7246,50454
7247,50419
7248,50375
7249,50376
7250,50370
7251,50354
7252,50376
7253,50435
7254,50516
7255,50482
7256,50452
7257,50401
7258,50427
7259,50378
7260,50304
7261,50548
7262,50576
7263,50610
7264,50580
7265,50537
7266,50521
7267,50528
7268,50552
7269,50638
7270,50509
7271,50527
7272,50680
7273,50535
7274,50621
7275,50548
7276,50549
7277,50755
7278,50625
7279,50529
7280,50599
7281,50597
7282,50613
7283,50633
7284,50629
7285,50664
7286,50730
7287,50617
7288,50665
7289,50890
7290,50632
7291,50659
7292,50671
7293,50676
7294,50749
7295,50768
7296,50819
7297,50737
7298,50716
7299,50847
7300,50819
7301,50726
7302,50705
7303,50756
7304,50801
7305,50818
7306,50799
7307,50855
7308,50808
7309,50801
7310,50767
7311,50862
7312,50841
7313,50847
7314,50822
7315,50839
7316,50744
7317,50836
7318,50847
7319,50736
7320,50950
7321,50824
7322,50984
7323,50844
7324,50995
7325,51032
7326,50958
7327,50896
7328,51017
7329,50989
7330,50961
7331,51016
7332,50981
7333,50978
7334,51036
7335,51035
7336,50984
7337,51004
7338,51037
7339,51134
7340,51077
7341,51088
7342,51075
7343,51104
7344,51225
7345,51076
7346,51009
7347,51096
7348,51009
7349,51053
7350,51105
7351,51127
7352,51119
7353,51005
7354,51118
7355,51150
7356,51138
7357,51083
7358,51264
7359,51212
7360,51185
7361,51078
7362,51158
7363,51232
7364,51221
7365,51189
7366,51204
7367,51236
7368,51180
7369,51219
7370,51292
7371,51238
7372,51165
7373,51314
7374,51424
7375,51290
7376,51231
7377,51322
7378,51423
7379,51339
7380,51300
7381,51392
7382,51322
7383,51270
7384,51369
7385,51341
7386,51245
7387,51261
7388,51330
7389,51384
7390,51440
7391,51402
7392,51433
7393,51425
7394,51457
7395,51552
7396,51510
7397,51429
7398,51330
7399,51502
7400,51426
7401,51488
7402,51547
7403,51621
7404,51695
7405,51740
7406,51735
7407,51870
7408,51754
7409,51794
7410,51775
7411,51806
7412,51920
7413,51870
7414,51538
7415,51513
7416,51545
7417,51627
7418,51597
7419,51538
7420,51653
7421,51598
7422,51660
7423,51760
7424,51556
7425,51765
7426,51632
7427,51625
7428,51623
7429,51692
7430,51623
7431,51650
7432,51683
7433,51625
7434,51705
7435,51781
7436,51617
7437,51845
7438,51746
7439,51787
7440,51839
7441,51810
7442,51894
7443,51767
7444,51786
7445,51820
7446,51763
7447,51818
7448,51820
7449,51776
7450,51860
7451,51713
7452,51718
7453,51899
7454,51935
7455,51938
7456,51908
7457,51838
7458,51814
7459,51969
7460,51790
7461,51960
7462,51920
7463,51805
7464,51906
7465,51843
7466,51894
7467,51987
7468,51990
7469,51951
7470,51903
7471,52062
7472,51971
7473,52062
7474,51935
7475,51870
7476,52034
7477,51978
7478,51881
7479,51939
7480,51980
7481,51926
7482,51922
7483,51900
7484,51854
7485,51964
7486,52149
7487,52085
7488,51947
7489,52025
7490,51957
7491,52033
7492,52085
7493,52132
7494,52144
7495,52041
7496,52078
7497,52118
7498,52152
7499,52109
7500,52004
7501,52036
7502,52162
7503,52210
7504,52249
7505,52172
7506,52172
7507,52135
7508,52230
7509,52313
7510,52179
7511,52211
7512,52242
7513,52293
7514,52097
7515,52148
7516,52226
7517,52255
7518,52353
7519,52253
7520,52284
7521,52361
7522,52329
7523,52287
7524,52203
7525,52265
7526,52396
7527,52328
7528,52440
7529,52301
7530,52201
7531,52424
7532,52294
7533,52387
7534,52451
7535,52324
7536,52372
7537,52236
7538,52375
7539,52251
7540,52497
7541,52368
7542,52415
7543,52498
7544,52270
7545,52395
7546,52478
7547,52419
7548,52379
7549,52422
7550,52412
7551,52547
7552,52553
7553,52592
7554,52456
7555,52535
7556,52666
7557,52437
7558,52485
7559,52556
7560,52518
7561,52558
7562,52497
7563,52403
7564,52604
7565,52641
7566,52714
7567,52610
7568,52555
7569,52607
7570,52593
7571,52518
7572,52632
7573,52665
7574,52714
7575,52588
7576,52546
7577,52608
7578,52647
7579,52644
7580,52744
7581,52581
7582,52807
7583,52786
7584,52810
7585,52843
7586,52634
7587,52794
7588,52848
7589,52564
7590,52838
7591,52743
7592,52801
7593,52865
7594,52758
7595,52775
7596,52653
7597,52998
7598,52717
7599,52840
7600,52836
7601,52736
7602,52825
7603,52853
7604,52738
7605,53018
7606,52782
7607,52881
7608,52956
7609,52854
7610,52902
7611,53016
7612,52867
7613,52928
7614,53045
7615,53099
7616,53037
7617,53101
7618,53060
7619,53113
7620,52996
7621,52958
7622,53015
7623,53063
7624,53022
7625,53137
7626,53028
7627,53046
7628,53138
7629,52921
7630,53141
7631,53003
7632,52980
7633,53136
7634,53063
7635,52943
7636,53136
7637,53148
7638,53109
7639,53084
7640,53163
7641,53031
7642,53229
7643,52968
7644,53191
7645,53314
7646,53260
7647,53236
7648,53251
7649,53140
7650,53361
7651,53349
7652,53156
7653,53155
7654,53151
7655,53214
7656,53231
7657,53287
7658,53176
7659,53374
7660,53194
7661,53263
7662,53271
7663,53290
7664,53297
7665,53322
7666,53226
7667,53311
7668,53257
7669,53449
7670,53342
7671,53435
7672,53275
7673,53227
7674,53266
7675,53325
7676,53310
7677,53540
7678,53451
7679,53502
7680,53353
7681,53366
7682,53301
7683,53454
7684,53434
7685,53301
7686,53458
7687,53396
7688,53607
7689,53512
7690,53540
7691,53476
7692,53454
7693,53409
7694,53511
7695,53494
7696,53658
7697,53566
7698,53556
7699,53390
7700,53623
7701,53580
7702,53653
7703,53485
7704,53577
7705,53463
7706,53616
7707,53396
7708,53619
7709,53748
7710,53752
7711,53538
7712,53737
7713,53568
7714,53720
7715,53817
7716,53583
7717,53588
7718,53575
7719,53809
7720,53565
7721,53817
7722,53585
7723,53838
7724,53575
7725,53645
7726,53730
7727,53854
7728,53675
7729,53848
7730,53697
7731,53755
7732,53708
7733,53851
7734,53787
7735,53811
7736,53775
7737,53773
7738,53672
7739,53782
7740,53784
7741,53975
7742,53921
7743,53926
7744,53892
7745,53875
7746,53812
7747,53885
7748,53897
7749,53959
7750,53879
7751,53952
7752,53891
7753,53829
7754,53812
7755,53898
7756,53931
7757,54008
7758,53952
7759,54060
7760,53903
7761,53870
7762,53957
7763,54123
7764,53864
7765,53848
7766,54072
7767,54055
7768,54002
7769,54066
7770,53985
7771,53873
7772,54108
7773,54239
7774,53985
7775,54112
7776,54071
7777,54060
7778,54101
7779,54010
7780,54203
7781,54268
7782,53982
7783,54179
7784,54119
7785,54035
7786,54111
7787,54150
7788,54151
7789,54209
7790,54206
7791,54099
7792,54305
7793,54295
7794,54071
7795,54202
7796,54189
7797,54172
7798,54185
7799,54147
7800,54281
7801,54251
7802,54150
7803,54238
7804,54242
7805,54401
7806,54344
7807,54339
7808,54275
7809,54296
7810,54399
7811,54343
7812,54312
7813,54375
7814,54383
7815,54341
7816,54339
7817,54281
7818,54318
7819,54432
7820,54274
7821,54363
7822,54438
7823,54412
7824,54313
7825,54559
7826,54519
7827,54491
7828,54331
7829,54360
7830,54485
7831,54445
7832,54356
7833,54524
7834,54468
7835,54350
7836,54479
7837,54608
7838,54526
7839,54472
7840,54608
7841,54442
7842,54523
7843,54496
7844,54633
7845,54604
7846,54527
7847,54519
7848,54612
7849,54457
7850,54581
7851,54566
7852,54616
7853,54529
7854,54563
7855,54774
7856,54661
7857,54771
7858,54498
7859,54696
7860,54583
7861,54632
7862,54623
7863,54623
7864,54705
7865,54759
7866,54725
7867,54727
7868,54597
7869,54733
7870,54750
7871,54718
7872,54882
7873,54807
7874,54838
7875,54765
7876,54673
7877,54901
7878,54860
7879,54754
7880,54765
7881,54737
7882,54838
7883,54804
7884,54917
7885,54747
7886,54815
7887,54898
7888,54906
7889,54931
7890,54803
7891,54778
7892,54908
7893,54983
7894,54846
7895,54965
7896,54747
7897,54860
7898,54829
7899,54814
7900,54949
7901,55078
7902,54945
7903,55090
7904,54891
7905,54981
7906,54962
7907,55064
7908,54963
7909,54946
7910,55090
7911,54938
7912,55046
7913,55115
7914,54961
7915,55095
7916,55010
7917,55031
7918,55161
7919,55027
7920,55128
7921,55175
7922,54993
7923,55113
7924,54965
7925,55262
7926,55110
7927,55093
7928,55164
7929,54996
7930,55156
7931,55108
7932,55040
7933,55359
7934,55257
7935,55215
7936,55273
7937,55120
7938,55172
7939,55214
7940,55305
7941,55123
7942,55169
7943,55279
7944,55173
7945,55282
7946,55318
7947,55248
7948,55340
7949,55193
7950,55245
7951,55405
7952,55287
7953,55348
7954,55404
7955,55242
7956,55291
7957,55461
7958,55220
7959,55330
7960,55346
7961,55330
7962,55330
7963,55247
7964,55318
7965,55620
7966,55386
7967,55448
7968,55373
7969,55418
7970,55415
7971,55378
7972,55459
7973,55625
7974,55384
7975,55494
7976,55388
7977,55467
7978,55476
7979,55409
7980,55481
7981,55674
7982,55423
7983,55580
7984,55493
7985,55528
7986,55568
7987,55489
7988,55669
7989,55460
7990,55425
7991,55664
7992,55482
7993,55714
7994,55596
7995,55520
7996,55675
7997,55570
7998,55597
7999,55718
8000,55572
8001,55840
8002,55667
8003,55714
8004,55634
8005,55779
8006,55737
8007,55663
8008,55766
8009,55580
8010,55629
8011,55754
8012,55722
8013,55674
8014,55809
8015,55651
8016,55810
8017,55881
8018,55680
8019,55701
8020,55770
8021,55840
8022,55761
8023,55866
8024,55751
8025,55649
8026,55858
8027,55722
8028,55767
8029,55960
8030,55875
8031,55943
8032,55914
8033,55783
8034,55964
8035,55927
8036,55929
8037,55918
8038,55855
8039,55891
8040,55859
8041,55974
8042,55958
8043,55937
8044,55914
8045,56013
8046,55931
8047,55976
8048,55940
8049,56020
8050,56015
8051,55977
8052,55976
8053,55973
8054,56024
8055,55985
8056,56026
8057,56040
8058,56004
8059,56046
8060,55980
8061,56124
8062,56144
8063,56143
8064,56088
8065,56140
8066,56160
8067,56112
8068,56126
8069,56136
8070,56123
8071,56177
8072,56111
8073,56088
8074,56150
8075,56154
8076,56060
8077,56255
8078,56096
8079,56145
8080,56281
8081,56219
8082,56191
8083,56211
8084,56225
8085,56227
8086,56227
8087,56185
8088,56216
8089,56236
8090,56202
8091,56220
8092,56324
8093,56309
8094,56437
8095,56441
8096,56293
8097,56409
8098,56358
8099,56316
8100,56340
8101,56293
8102,56323
8103,56353
8104,56341
8105,56299
8106,56470
8107,56280
8108,56424
8109,56558
8110,56371
8111,56490
8112,56397
8113,56406
8114,56459
8115,56425
8116,56380
8117,56472
8118,56445
8119,56417
8120,56509
8121,56485
8122,56366
8123,56584
8124,56442
8125,56554
8126,56566
8127,56568
8128,56557
8129,56535
8130,56572
8131,56549
8132,56512
8133,56610
8134,56639
8135,56504
8136,56528
8137,56690
8138,56539
8139,56617
8140,56680
8141,56630
8142,56599
8143,56677
8144,56601
8145,56646
8146,56652
8147,56645
8148,56673
8149,56676
8150,56797
8151,56576
8152,56712
8153,56653
8154,56623
8155,56783
8156,56681
8157,56783
8158,56796
8159,56809
8160,56778
8161,56807
8162,56764
8163,56761
8164,56781
8165,56870
8166,56898
8167,56836
8168,56838
8169,56666
8170,56700
8171,56788
8172,56821
8173,56900
8174,56882
8175,56835
8176,56843
8177,56892
8178,56879
8179,56862
8180,56731
8181,56867
8182,56903
8183,56807
8184,57047
8185,56925
8186,56891
8187,56875
8188,56934
8189,56991
8190,56994
8191,57063
